Workbook

Sheet 系統匯入資料
A1: 公式說明：M=ROUND(IF(L<1,(J+K)*L+(J+K),(J+K)*(L/100)+(J+K)),2)；O=ROUND(M*I+N,0)。
A3: 類別 | B3: 狀態 | C3: 型號 | D3: 品名 | E3: 單位 | F3: 產品描述 | G3: 圖片 | H3: 來源幣別 | I3: 匯率 | J3: 來源成本(USD) | K3: 運費(USD) | L3: 關稅/其他成本加成(%) | M3: 加乘後金額(USD) | N3: 其他加購(TWD) | O3: 成本(TWD) | P3: 規劃費 | Q3: 設定費 | R3: 特殊倍數_市場價 | S3: 特殊倍數_市場最低價 | T3: 特殊倍數_設計師價 | U3: 特殊倍數_一級經銷商 | V3: 特殊倍數_二級經銷商 | W3: 特殊倍數_分公司 | X3: 特殊倍數_總經銷商 | Y3: 市場報價 | Z3: 市場最低價 | AA3: 設計師價 | AB3: 一級經銷商 | AC3: 二級經銷商 | AD3: 分公司 | AE3: 總經銷商 | AF3: 市場最低價折扣比例 | AG3: 設計師價折扣比例 | AH3: 一級經銷商折扣比例 | AI3: 二級經銷商折扣比例 | AJ3: 分公司折扣比例 | AK3: 總經銷商折扣比例 | AL3: 備註
A4: (停產) | B4: 一般 | C4: B10W4 | D4: MixSwitch 巴赫四切智慧開關-金 | E4: 顆 | F4: 尺寸：86 x 86 x 38.3 毫米 前面板：塑膠面板，需更換為金屬面板 電源供應器：AC100-240V，50/60Hz 最大限度。負載：800W/路（四路合計小於1200W） | G4: /uploads/product_images/B10W4.png | H4: USD | I4: 32.5 | J4: 52 | K4: =IFERROR(VLOOKUP(C4,[1]智慧家庭產品價格表.含稅!C:S,17,FALSE),0) -> 1 | L4: 13 | M4: =ROUND(IF(L4<1,(J4+K4)*L4+(J4+K4),(J4+K4)*(L4/100)+(J4+K4)),2) -> 59.89 | N4: 20 | O4: =ROUND(M4*I4+N4,0) -> 1966 | P4: 210 | Q4: 315 | R4: 3.771 | S4: 0.941 | T4: 0.952 | U4: 0.952 | V4: 0.952 | W4: 0.952 | X4: 0.952 | Y4: =ROUND(O4*R4,0) -> 7414 | Z4: =ROUND(Y4*S4*AF4,0) -> 5930 | AA4: =ROUND(Y4*T4*AG4,0) -> 5294 | AB4: =ROUND(Y4*U4*AH4,0) -> 3529 | AC4: =ROUND(Y4*V4*AI4,0) -> 4588 | AD4: =ROUND(Y4*W4*AJ4,0) -> 2823 | AE4: =ROUND(Y4*X4*AK4,0) -> 3176 | AF4: 0.85 | AG4: 0.75 | AH4: 0.5 | AI4: 0.65 | AJ4: 0.4 | AK4: 0.45 | AL4: 需提供零線(N)-白線 採用86底盒安裝(智崴提供)
A5: (停產) | B5: 一般 | C5: B10W8 | D5: MixSwitch 巴赫八切智慧開關-金 | E5: 顆 | F5: 尺寸：86 x 86 x 38.3 毫米 前面板：塑膠面板，需更換為金屬面板 電源供應器：AC100-240V，50/60Hz 最大限度。負載：800W/路（四路合計小於1200W） | G5: /uploads/product_images/B10W8.png | H5: USD | I5: 32.5 | J5: 57 | K5: =IFERROR(VLOOKUP(C5,[1]智慧家庭產品價格表.含稅!C:S,17,FALSE),0) -> 1 | L5: 13 | M5: =ROUND(IF(L5<1,(J5+K5)*L5+(J5+K5),(J5+K5)*(L5/100)+(J5+K5)),2) -> 65.54 | N5: 20 | O5: =ROUND(M5*I5+N5,0) -> 2150 | P5: 210 | Q5: 315 | R5: 3.749 | S5: 0.941 | T5: 0.952 | U5: 0.952 | V5: 0.952 | W5: 0.952 | X5: 0.952 | Y5: =ROUND(O5*R5,0) -> 8060 | Z5: =ROUND(Y5*S5*AF5,0) -> 6447 | AA5: =ROUND(Y5*T5*AG5,0) -> 5755 | AB5: =ROUND(Y5*U5*AH5,0) -> 3837 | AC5: =ROUND(Y5*V5*AI5,0) -> 4988 | AD5: =ROUND(Y5*W5*AJ5,0) -> 3069 | AE5: =ROUND(Y5*X5*AK5,0) -> 3453 | AF5: 0.85 | AG5: 0.75 | AH5: 0.5 | AI5: 0.65 | AJ5: 0.4 | AK5: 0.45 | AL5: 需提供零線(N)-白線 採用86底盒安裝(智崴提供)
A6: (停產) | B6: 一般 | C6: CT10W-B1VO | D6: 小方遙控器 | E6: 顆 | F6: 控制電視、空調、投影機等紅外線電器。 支援學習功能。 | G6: /uploads/product_images/CT10W-B1VO.png | H6: USD | I6: 32.5 | J6: 11 | K6: =IFERROR(VLOOKUP(C6,[1]智慧家庭產品價格表.含稅!C:S,17,FALSE),0) -> 1 | L6: 13 | M6: =ROUND(IF(L6<1,(J6+K6)*L6+(J6+K6),(J6+K6)*(L6/100)+(J6+K6)),2) -> 13.56 | N6: 100 | O6: =ROUND(M6*I6+N6,0) -> 541 | P6: 52 | Q6: 315 | R6: 3.513 | S6: 0.941 | T6: 0.952 | U6: 0.952 | V6: 0.952 | W6: 0.952 | X6: 0.952 | Y6: =ROUND(O6*R6,0) -> 1901 | Z6: =ROUND(Y6*S6*AF6,0) -> 1521 | AA6: =ROUND(Y6*T6*AG6,0) -> 1357 | AB6: =ROUND(Y6*U6*AH6,0) -> 905 | AC6: =ROUND(Y6*V6*AI6,0) -> 1176 | AD6: =ROUND(Y6*W6*AJ6,0) -> 724 | AE6: =ROUND(Y6*X6*AK6,0) -> 814 | AF6: 0.85 | AG6: 0.75 | AH6: 0.5 | AI6: 0.65 | AJ6: 0.4 | AK6: 0.45
A7: (停產) | B7: 一般 | C7: DCN08016 | D7: 智慧磁力格柵燈8W 3000k Q系列 | E7: 顆 | F7: 單色溫度燈 具有「智慧調光模組軟光系列」可調光 功率：8英寸12w 尺寸：長220 * 寬103 * H22mm長440 * 寬22 * 高45毫米 發光角度：28° 輸入電壓 48V 材料和顏色：航空鋁和黑色 顯色指數 CRI≧90 控制方式：語音、Mixpad、場景切換、APP | G7: /uploads/product_images/DCN08016.png | H7: USD | I7: 32.5 | J7: 20 | K7: =IFERROR(VLOOKUP(C7,[1]智慧家庭產品價格表.含稅!C:S,17,FALSE),0) -> 1 | L7: 13 | M7: =ROUND(IF(L7<1,(J7+K7)*L7+(J7+K7),(J7+K7)*(L7/100)+(J7+K7)),2) -> 23.73 | N7: 0 | O7: =ROUND(M7*I7+N7,0) -> 771 | P7: 158 | Q7: 315 | R7: 3.439 | S7: 1 | T7: 1.016 | U7: 1.048 | V7: 1.025 | W7: 1.071 | X7: 1.058 | Y7: =ROUND(O7*R7,0) -> 2651 | Z7: =ROUND(Y7*S7*AF7,0) -> 2253 | AA7: =ROUND(Y7*T7*AG7,0) -> 2020 | AB7: =ROUND(Y7*U7*AH7,0) -> 1389 | AC7: =ROUND(Y7*V7*AI7,0) -> 1766 | AD7: =ROUND(Y7*W7*AJ7,0) -> 1136 | AE7: =ROUND(Y7*X7*AK7,0) -> 1262 | AF7: 0.85 | AG7: 0.75 | AH7: 0.5 | AI7: 0.65 | AJ7: 0.4 | AK7: 0.45
A8: (停產) | B8: 一般 | C8: DCN08017 | D8: 智慧磁力泛光燈8W 6000k Q系列 | E8: 顆 | F8: 單色溫度燈 具有「智慧調光模組軟光系列」可調光 色溫：3000k/4000k/6000k 尺寸：長300 * 寬22 * H45 / L600 * 寬22 * 高45mm 發光角度：100° 輸入電壓 48V 材料和顏色：航空鋁和黑色 顯色指數 CRI≧90 控制方式：語音、Mixpad、場景切換、APP | G8: /uploads/product_images/DCN08017.png | H8: USD | I8: 32.5 | J8: 17 | K8: =IFERROR(VLOOKUP(C8,[1]智慧家庭產品價格表.含稅!C:S,17,FALSE),0) -> 1 | L8: 13 | M8: =ROUND(IF(L8<1,(J8+K8)*L8+(J8+K8),(J8+K8)*(L8/100)+(J8+K8)),2) -> 20.34 | N8: 0 | O8: =ROUND(M8*I8+N8,0) -> 661 | P8: 158 | Q8: 315 | R8: 3.312 | S8: 1 | T8: 1.016 | U8: 1.047 | V8: 1.025 | W8: 1.071 | X8: 1.058 | Y8: =ROUND(O8*R8,0) -> 2189 | Z8: =ROUND(Y8*S8*AF8,0) -> 1861 | AA8: =ROUND(Y8*T8*AG8,0) -> 1668 | AB8: =ROUND(Y8*U8*AH8,0) -> 1146 | AC8: =ROUND(Y8*V8*AI8,0) -> 1458 | AD8: =ROUND(Y8*W8*AJ8,0) -> 938 | AE8: =ROUND(Y8*X8*AK8,0) -> 1042 | AF8: 0.85 | AG8: 0.75 | AH8: 0.5 | AI8: 0.65 | AJ8: 0.4 | AK8: 0.45
A9: (停產) | B9: 一般 | C9: DCN08018 | D9: 智慧磁力射燈8W 4000k Q系列 | E9: 顆 | F9: 單色溫度燈 具有「智慧調光模組軟光系列」可調光 尺寸Φ45毫米*105毫米 發光角度：28° 輸入電壓 48V 材料和顏色：航空鋁和黑色 顯色指數 CRI≧90 控制方式：語音、Mixpad、場景切換、APP | G9: /uploads/product_images/DCN08018.png | H9: USD | I9: 32.5 | J9: 20 | K9: =IFERROR(VLOOKUP(C9,[1]智慧家庭產品價格表.含稅!C:S,17,FALSE),0) -> 1 | L9: 13 | M9: =ROUND(IF(L9<1,(J9+K9)*L9+(J9+K9),(J9+K9)*(L9/100)+(J9+K9)),2) -> 23.73 | N9: 0 | O9: =ROUND(M9*I9+N9,0) -> 771 | P9: 158 | Q9: 315 | R9: 3.445 | S9: 1 | T9: 1.016 | U9: 1.047 | V9: 1.026 | W9: 1.071 | X9: 1.058 | Y9: =ROUND(O9*R9,0) -> 2656 | Z9: =ROUND(Y9*S9*AF9,0) -> 2258 | AA9: =ROUND(Y9*T9*AG9,0) -> 2024 | AB9: =ROUND(Y9*U9*AH9,0) -> 1390 | AC9: =ROUND(Y9*V9*AI9,0) -> 1771 | AD9: =ROUND(Y9*W9*AJ9,0) -> 1138 | AE9: =ROUND(Y9*X9*AK9,0) -> 1265 | AF9: 0.85 | AG9: 0.75 | AH9: 0.5 | AI9: 0.65 | AJ9: 0.4 | AK9: 0.45
A10: (停產) | B10: 一般 | C10: DCN08021 | D10: 智慧磁力格柵燈8W 4000k Q系列 | E10: 顆 | F10: 單色溫度燈 具有「智慧調光模組軟光系列」可調光 功率：8英寸12w 尺寸：長220 * 寬103 * H22mm長440 * 寬22 * 高45毫米 發光角度：28° 輸入電壓 48V 材料和顏色：航空鋁和黑色 顯色指數 CRI≧90 控制方式：語音、Mixpad、場景切換、APP | G10: /uploads/product_images/DCN08021.png | H10: USD | I10: 32.5 | J10: 20 | K10: =IFERROR(VLOOKUP(C10,[1]智慧家庭產品價格表.含稅!C:S,17,FALSE),0) -> 1 | L10: 13 | M10: =ROUND(IF(L10<1,(J10+K10)*L10+(J10+K10),(J10+K10)*(L10/100)+(J10+K10)),2) -> 23.73 | N10: 0 | O10: =ROUND(M10*I10+N10,0) -> 771 | P10: 158 | Q10: 315 | R10: 3.439 | S10: 1 | T10: 1.016 | U10: 1.048 | V10: 1.025 | W10: 1.071 | X10: 1.058 | Y10: =ROUND(O10*R10,0) -> 2651 | Z10: =ROUND(Y10*S10*AF10,0) -> 2253 | AA10: =ROUND(Y10*T10*AG10,0) -> 2020 | AB10: =ROUND(Y10*U10*AH10,0) -> 1389 | AC10: =ROUND(Y10*V10*AI10,0) -> 1766 | AD10: =ROUND(Y10*W10*AJ10,0) -> 1136 | AE10: =ROUND(Y10*X10*AK10,0) -> 1262 | AF10: 0.85 | AG10: 0.75 | AH10: 0.5 | AI10: 0.65 | AJ10: 0.4 | AK10: 0.45
A11: (停產) | B11: 一般 | C11: DCN08025 | D11: 智慧磁力格柵燈8W 6000k Q系列 | E11: 顆 | F11: 單色溫度燈 具有「智慧調光模組軟光系列」可調光 功率：8英寸12w 尺寸：長220 * 寬103 * H22mm長440 * 寬22 * 高45毫米 發光角度：28° 輸入電壓 48V 材料和顏色：航空鋁和黑色 顯色指數 CRI≧90 控制方式：語音、Mixpad、場景切換、APP | G11: /uploads/product_images/DCN08025.png | H11: USD | I11: 32.5 | J11: 22.1 | K11: =IFERROR(VLOOKUP(C11,[1]智慧家庭產品價格表.含稅!C:S,17,FALSE),0) -> 1 | L11: 13 | M11: =ROUND(IF(L11<1,(J11+K11)*L11+(J11+K11),(J11+K11)*(L11/100)+(J11+K11)),2) -> 26.1 | N11: 0 | O11: =ROUND(M11*I11+N11,0) -> 848 | P11: 158 | Q11: 315 | R11: 3.127 | S11: 1 | T11: 1.016 | U11: 1.048 | V11: 1.025 | W11: 1.071 | X11: 1.058 | Y11: =ROUND(O11*R11,0) -> 2652 | Z11: =ROUND(Y11*S11*AF11,0) -> 2254 | AA11: =ROUND(Y11*T11*AG11,0) -> 2021 | AB11: =ROUND(Y11*U11*AH11,0) -> 1390 | AC11: =ROUND(Y11*V11*AI11,0) -> 1767 | AD11: =ROUND(Y11*W11*AJ11,0) -> 1136 | AE11: =ROUND(Y11*X11*AK11,0) -> 1263 | AF11: 0.85 | AG11: 0.75 | AH11: 0.5 | AI11: 0.65 | AJ11: 0.4 | AK11: 0.45
A12: (停產) | B12: 一般 | C12: DCN08027 | D12: 智慧磁力射燈8W 6000k Q系列 | E12: 顆 | F12: 單色溫度燈 具有「智慧調光模組軟光系列」可調光 尺寸Φ45毫米*105毫米 發光角度：28° 輸入電壓 48V 材料和顏色：航空鋁和黑色 顯色指數 CRI≧90 控制方式：語音、Mixpad、場景切換、APP | G12: /uploads/product_images/DCN08027.png | H12: USD | I12: 32.5 | J12: 21.9 | K12: =IFERROR(VLOOKUP(C12,[1]智慧家庭產品價格表.含稅!C:S,17,FALSE),0) -> 1 | L12: 13 | M12: =ROUND(IF(L12<1,(J12+K12)*L12+(J12+K12),(J12+K12)*(L12/100)+(J12+K12)),2) -> 25.88 | N12: 0 | O12: =ROUND(M12*I12+N12,0) -> 841 | P12: 158 | Q12: 315 | R12: 3.159 | S12: 1 | T12: 1.016 | U12: 1.047 | V12: 1.026 | W12: 1.071 | X12: 1.058 | Y12: =ROUND(O12*R12,0) -> 2657 | Z12: =ROUND(Y12*S12*AF12,0) -> 2258 | AA12: =ROUND(Y12*T12*AG12,0) -> 2025 | AB12: =ROUND(Y12*U12*AH12,0) -> 1391 | AC12: =ROUND(Y12*V12*AI12,0) -> 1772 | AD12: =ROUND(Y12*W12*AJ12,0) -> 1138 | AE12: =ROUND(Y12*X12*AK12,0) -> 1265 | AF12: 0.85 | AG12: 0.75 | AH12: 0.5 | AI12: 0.65 | AJ12: 0.4 | AK12: 0.45
A13: (停產) | B13: 一般 | C13: DCN12019 | D13: 智慧磁性摺疊格柵燈12W 4000k Q系列 | E13: 顆 | F13: 單色溫度燈 具有「智慧調光模組軟光系列」可調光 色溫：3000k/4000k/6000k 尺寸：長220 * 寬103 * H22mm 發光角度：28° 輸入電壓 48V 材料和顏色：航空鋁和黑色 顯色指數 CRI≧90 控制方式：語音、Mixpad、場景切換、APP | G13: /uploads/product_images/DCN12019.jpeg | H13: USD | I13: 32.5 | J13: 29 | K13: =IFERROR(VLOOKUP(C13,[1]智慧家庭產品價格表.含稅!C:S,17,FALSE),0) -> 1 | L13: 13 | M13: =ROUND(IF(L13<1,(J13+K13)*L13+(J13+K13),(J13+K13)*(L13/100)+(J13+K13)),2) -> 33.9 | N13: 0 | O13: =ROUND(M13*I13+N13,0) -> 1102 | P13: 158 | Q13: 315 | R13: 3.391 | S13: 1 | T13: 1.015 | U13: 1.047 | V13: 1.026 | W13: 1.071 | X13: 1.058 | Y13: =ROUND(O13*R13,0) -> 3737 | Z13: =ROUND(Y13*S13*AF13,0) -> 3176 | AA13: =ROUND(Y13*T13*AG13,0) -> 2845 | AB13: =ROUND(Y13*U13*AH13,0) -> 1956 | AC13: =ROUND(Y13*V13*AI13,0) -> 2492 | AD13: =ROUND(Y13*W13*AJ13,0) -> 1601 | AE13: =ROUND(Y13*X13*AK13,0) -> 1779 | AF13: 0.85 | AG13: 0.75 | AH13: 0.5 | AI13: 0.65 | AJ13: 0.4 | AK13: 0.45
A14: (停產) | B14: 一般 | C14: DCN12028 | D14: 智慧磁性摺疊格柵燈12W 6000k Q系列 | E14: 顆 | F14: 單色溫度燈 具有「智慧調光模組軟光系列」可調光 色溫：3000k/4000k/6000k 尺寸：長220 * 寬103 * H22mm 發光角度：28° 輸入電壓 48V 材料和顏色：航空鋁和黑色 顯色指數 CRI≧90 控制方式：語音、Mixpad、場景切換、APP | G14: /uploads/product_images/DCN12028.jpeg | H14: TWD | I14: 32.5 | J14: 0 | K14: =IFERROR(VLOOKUP(C14,[1]智慧家庭產品價格表.含稅!C:S,17,FALSE),0) -> 1 | L14: 13 | M14: =ROUND(IF(L14<1,(J14+K14)*L14+(J14+K14),(J14+K14)*(L14/100)+(J14+K14)),2) -> 1.13 | N14: 0 | O14: =ROUND(M14*I14+N14,0) -> 37 | P14: 158 | Q14: 315 | R14: 100.973 | S14: 1 | T14: 1.016 | U14: 1.048 | V14: 1.026 | W14: 1.071 | X14: 1.058 | Y14: =ROUND(O14*R14,0) -> 3736 | Z14: =ROUND(Y14*S14*AF14,0) -> 3176 | AA14: =ROUND(Y14*T14*AG14,0) -> 2847 | AB14: =ROUND(Y14*U14*AH14,0) -> 1958 | AC14: =ROUND(Y14*V14*AI14,0) -> 2492 | AD14: =ROUND(Y14*W14*AJ14,0) -> 1601 | AE14: =ROUND(Y14*X14*AK14,0) -> 1779 | AF14: 0.85 | AG14: 0.75 | AH14: 0.5 | AI14: 0.65 | AJ14: 0.4 | AK14: 0.45
A15: (停產) | B15: 一般 | C15: DCN15016 | D15: 智慧磁力格柵燈15W 4000k Q系列 | E15: 顆 | F15: 單色溫度燈 具有「智慧調光模組軟光系列」可調光 功率：8英寸12w 尺寸：長220 * 寬103 * H22mm長440 * 寬22 * 高45毫米 發光角度：28° 輸入電壓 48V 材料和顏色：航空鋁和黑色 顯色指數 CRI≧90 控制方式：語音、Mixpad、場景切換、APP | G15: /uploads/product_images/DCN15016.png | H15: USD | I15: 32.5 | J15: 27 | K15: =IFERROR(VLOOKUP(C15,[1]智慧家庭產品價格表.含稅!C:S,17,FALSE),0) -> 1 | L15: 13 | M15: =ROUND(IF(L15<1,(J15+K15)*L15+(J15+K15),(J15+K15)*(L15/100)+(J15+K15)),2) -> 31.64 | N15: 0 | O15: =ROUND(M15*I15+N15,0) -> 1028 | P15: 158 | Q15: 315 | R15: 3.37 | S15: 1 | T15: 1.016 | U15: 1.048 | V15: 1.025 | W15: 1.072 | X15: 1.058 | Y15: =ROUND(O15*R15,0) -> 3464 | Z15: =ROUND(Y15*S15*AF15,0) -> 2944 | AA15: =ROUND(Y15*T15*AG15,0) -> 2640 | AB15: =ROUND(Y15*U15*AH15,0) -> 1815 | AC15: =ROUND(Y15*V15*AI15,0) -> 2308 | AD15: =ROUND(Y15*W15*AJ15,0) -> 1485 | AE15: =ROUND(Y15*X15*AK15,0) -> 1649 | AF15: 0.85 | AG15: 0.75 | AH15: 0.5 | AI15: 0.65 | AJ15: 0.4 | AK15: 0.45
A16: (停產) | B16: 一般 | C16: DCN15017 | D16: 智慧磁性泛光燈15W 4000k Q系列 | E16: 顆 | F16: 單色溫度燈 具有「智慧調光模組軟光系列」可調光 功率：8w 15w 尺寸：長300 * 寬22 * H45 / L600 * 寬22 * 高45mm 發光角度：100° 輸入電壓 48V 材料和顏色：航空鋁和黑色 顯色指數 CRI≧90 控制方式：語音、Mixpad、場景切換、APP | G16: /uploads/product_images/DCN15017.png | H16: USD | I16: 32.5 | J16: 23 | K16: =IFERROR(VLOOKUP(C16,[1]智慧家庭產品價格表.含稅!C:S,17,FALSE),0) -> 1 | L16: 13 | M16: =ROUND(IF(L16<1,(J16+K16)*L16+(J16+K16),(J16+K16)*(L16/100)+(J16+K16)),2) -> 27.12 | N16: 0 | O16: =ROUND(M16*I16+N16,0) -> 881 | P16: 158 | Q16: 315 | R16: 3.38 | S16: 1 | T16: 1.016 | U16: 1.047 | V16: 1.026 | W16: 1.071 | X16: 1.058 | Y16: =ROUND(O16*R16,0) -> 2978 | Z16: =ROUND(Y16*S16*AF16,0) -> 2531 | AA16: =ROUND(Y16*T16*AG16,0) -> 2269 | AB16: =ROUND(Y16*U16*AH16,0) -> 1559 | AC16: =ROUND(Y16*V16*AI16,0) -> 1986 | AD16: =ROUND(Y16*W16*AJ16,0) -> 1276 | AE16: =ROUND(Y16*X16*AK16,0) -> 1418 | AF16: 0.85 | AG16: 0.75 | AH16: 0.5 | AI16: 0.65 | AJ16: 0.4 | AK16: 0.45
A17: (停產) | B17: 一般 | C17: DCN15025 | D17: 智慧磁格柵燈15W 6000k Q系列 | E17: 顆 | F17: 單色溫度燈 具有「智慧調光模組軟光系列」可調光 功率：8英寸12w 尺寸：長220 * 寬103 * H22mm長440 * 寬22 * 高45毫米 發光角度：28° 輸入電壓 48V 材料和顏色：航空鋁和黑色 顯色指數 CRI≧90 控制方式：語音、Mixpad、場景切換、APP | G17: /uploads/product_images/DCN15025.png | H17: USD | I17: 32.5 | J17: 29.52 | K17: =IFERROR(VLOOKUP(C17,[1]智慧家庭產品價格表.含稅!C:S,17,FALSE),0) -> 1 | L17: 13 | M17: =ROUND(IF(L17<1,(J17+K17)*L17+(J17+K17),(J17+K17)*(L17/100)+(J17+K17)),2) -> 34.49 | N17: 0 | O17: =ROUND(M17*I17+N17,0) -> 1121 | P17: 158 | Q17: 315 | R17: 3.091 | S17: 1 | T17: 1.015 | U17: 1.048 | V17: 1.025 | W17: 1.071 | X17: 1.058 | Y17: =ROUND(O17*R17,0) -> 3465 | Z17: =ROUND(Y17*S17*AF17,0) -> 2945 | AA17: =ROUND(Y17*T17*AG17,0) -> 2638 | AB17: =ROUND(Y17*U17*AH17,0) -> 1816 | AC17: =ROUND(Y17*V17*AI17,0) -> 2309 | AD17: =ROUND(Y17*W17*AJ17,0) -> 1484 | AE17: =ROUND(Y17*X17*AK17,0) -> 1650 | AF17: 0.85 | AG17: 0.75 | AH17: 0.5 | AI17: 0.65 | AJ17: 0.4 | AK17: 0.45
... A22: (停產) | B22: 一般 | C22: DLW38074 | D22: HDMI氛圍燈帶（120Hz） | E22: 組 | F22: 電源：交流100-240V～50/60Hz 規格：3.06m/條，共2條 功率：38W（LED：144顆/條） 適配器電纜長度：1.5m 支援最高刷新率：1920x1080P@120Hz 顏色：RGB 相容螢幕尺寸<90吋且解析度>720P的電視或顯示器 | G22: /uploads/product_images/DLW38074.png | H22: USD | I22: 32.5 | J22: 143 | K22: =IFERROR(VLOOKUP(C22,[1]智慧家庭產品價格表.含稅!C:S,17,FALSE),0) -> 1 | L22: 13 | M22: =ROUND(IF(L22<1,(J22+K22)*L22+(J22+K22),(J22+K22)*(L22/100)+(J22+K22)),2) -> 162.72 | N22: 0 | O22: =ROUND(M22*I22+N22,0) -> 5288 | P22: 525 | Q22: 525 | R22: 3.584 | S22: 0.941 | T22: 0.952 | U22: 0.952 | V22: 0.952 | W22: 0.952 | X22: 0.952 | Y22: =ROUND(O22*R22,0) -> 18952 | Z22: =ROUND(Y22*S22*AF22,0) -> 15159 | AA22: =ROUND(Y22*T22*AG22,0) -> 13532 | AB22: =ROUND(Y22*U22*AH22,0) -> 9021 | AC22: =ROUND(Y22*V22*AI22,0) -> 11727 | AD22: =ROUND(Y22*W22*AJ22,0) -> 7217 | AE22: =ROUND(Y22*X22*AK22,0) -> 8119 | AF22: 0.85 | AG22: 0.75 | AH22: 0.5 | AI22: 0.65 | AJ22: 0.4 | AK22: 0.45
A23: (停產) | B23: 一般 | C23: DLW48326 | D23: 蒼芎智慧燈條(5M) | E23: 組 | F23: LED燈帶尺寸：L5000mm * W14mm * H4mm 功率：DC24V 光束角度：120° 額定功率：8W/m CRI>90Ra 調光：1-100% 光通量：>800lm/m 顏色：RGB 1600萬色色溫範圍： 2700K-6000K 工作溫度：0℃ - 40℃ | G23: /uploads/product_images/DLW48326.png | H23: USD | I23: 32.5 | J23: 54 | K23: =IFERROR(VLOOKUP(C23,[1]智慧家庭產品價格表.含稅!C:S,17,FALSE),0) -> 6 | L23: 13 | M23: =ROUND(IF(L23<1,(J23+K23)*L23+(J23+K23),(J23+K23)*(L23/100)+(J23+K23)),2) -> 67.8 | N23: 75 | O23: =ROUND(M23*I23+N23,0) -> 2279 | P23: 210 | Q23: 525 | R23: 2.104 | S23: 1.176 | T23: 1.206 | U23: 1.333 | V23: 1.245 | W23: 1.428 | X23: 1.375 | Y23: =ROUND(O23*R23,0) -> 4795 | Z23: =ROUND(Y23*S23*AF23,0) -> 4793 | AA23: =ROUND(Y23*T23*AG23,0) -> 4337 | AB23: =ROUND(Y23*U23*AH23,0) -> 3196 | AC23: =ROUND(Y23*V23*AI23,0) -> 3880 | AD23: =ROUND(Y23*W23*AJ23,0) -> 2739 | AE23: =ROUND(Y23*X23*AK23,0) -> 2967 | AF23: 0.85 | AG23: 0.75 | AH23: 0.5 | AI23: 0.65 | AJ23: 0.4 | AK23: 0.45 | AL23: 需提拱110V插座
A24: (停產) | B24: 一般 | C24: DSZ07049 | D24: SOPRO 投射燈-方形-7W24° | E24: 顆 | F24: 開孔尺寸：55*55mm 尺寸：長67*寬67*高81mm 表面：黑色、白色 顯色指數（CRI）：Ra>95 統一眩光等級（UGR）：UGR<9 光束角度：24° 功率：7W 光通量：>350lm 色溫範圍：2700K~6000K 調光：PWM數位調光 調光頻率：3.84kHz | G24: /uploads/product_images/DSZ07049.png | H24: USD | I24: 32.5 | J24: 30.46 | K24: =IFERROR(VLOOKUP(C24,[1]智慧家庭產品價格表.含稅!C:S,17,FALSE),0) -> 1 | L24: 13 | M24: =ROUND(IF(L24<1,(J24+K24)*L24+(J24+K24),(J24+K24)*(L24/100)+(J24+K24)),2) -> 35.55 | N24: 20 | O24: =ROUND(M24*I24+N24,0) -> 1175 | P24: 158 | Q24: 315 | R24: 3.709 | S24: 0.941 | T24: 0.952 | U24: 0.952 | V24: 0.952 | W24: 0.952 | X24: 0.952 | Y24: =ROUND(O24*R24,0) -> 4358 | Z24: =ROUND(Y24*S24*AF24,0) -> 3486 | AA24: =ROUND(Y24*T24*AG24,0) -> 3112 | AB24: =ROUND(Y24*U24*AH24,0) -> 2074 | AC24: =ROUND(Y24*V24*AI24,0) -> 2697 | AD24: =ROUND(Y24*W24*AJ24,0) -> 1660 | AE24: =ROUND(Y24*X24*AK24,0) -> 1867 | AF24: 0.85 | AG24: 0.75 | AH24: 0.5 | AI24: 0.65 | AJ24: 0.4 | AK24: 0.45 | AL24: 開孔尺寸55*55mm
A25: (停產) | B25: 一般 | C25: DSZ07050 | D25: SOPRO 投射燈-方形-7W36° | E25: 顆 | F25: 開孔尺寸：55*55mm 尺寸：長67*寬67*高81mm 表面：黑色、白色 顯色指數（CRI）：Ra>95 統一眩光等級（UGR）：UGR<9 光束角度：36° 功率：7W 光通量：>350lm 色溫範圍：2700K~6000K 調光：PWM數位調光 調光頻率：3.84kHz | G25: /uploads/product_images/DSZ07050.png | H25: USD | I25: 32.5 | J25: 30.46 | K25: =IFERROR(VLOOKUP(C25,[1]智慧家庭產品價格表.含稅!C:S,17,FALSE),0) -> 1 | L25: 13 | M25: =ROUND(IF(L25<1,(J25+K25)*L25+(J25+K25),(J25+K25)*(L25/100)+(J25+K25)),2) -> 35.55 | N25: 20 | O25: =ROUND(M25*I25+N25,0) -> 1175 | P25: 158 | Q25: 315 | R25: 3.709 | S25: 0.941 | T25: 0.952 | U25: 0.952 | V25: 0.952 | W25: 0.952 | X25: 0.952 | Y25: =ROUND(O25*R25,0) -> 4358 | Z25: =ROUND(Y25*S25*AF25,0) -> 3486 | AA25: =ROUND(Y25*T25*AG25,0) -> 3112 | AB25: =ROUND(Y25*U25*AH25,0) -> 2074 | AC25: =ROUND(Y25*V25*AI25,0) -> 2697 | AD25: =ROUND(Y25*W25*AJ25,0) -> 1660 | AE25: =ROUND(Y25*X25*AK25,0) -> 1867 | AF25: 0.85 | AG25: 0.75 | AH25: 0.5 | AI25: 0.65 | AJ25: 0.4 | AK25: 0.45 | AL25: 開孔尺寸55*55mm
A26: (停產) | B26: 一般 | C26: DSZ07053 | D26: SOPRO 投射燈-方形-7W15° | E26: 顆 | F26: 開孔尺寸：55*55mm 尺寸：長67*寬67*高81mm 表面：黑色、白色 顯色指數（CRI）：Ra>95 統一眩光等級（UGR）：UGR<9 光束角度：15° 功率：7W 光通量：>350lm 色溫範圍：2700K~6000K 調光：PWM數位調光 調光頻率：3.84kHz | G26: /uploads/product_images/DSZ07053.png | H26: USD | I26: 32.5 | J26: 30.46 | K26: =IFERROR(VLOOKUP(C26,[1]智慧家庭產品價格表.含稅!C:S,17,FALSE),0) -> 1 | L26: 13 | M26: =ROUND(IF(L26<1,(J26+K26)*L26+(J26+K26),(J26+K26)*(L26/100)+(J26+K26)),2) -> 35.55 | N26: 20 | O26: =ROUND(M26*I26+N26,0) -> 1175 | P26: 158 | Q26: 315 | R26: 3.705 | S26: 0.941 | T26: 0.953 | U26: 0.952 | V26: 0.952 | W26: 0.952 | X26: 0.952 | Y26: =ROUND(O26*R26,0) -> 4353 | Z26: =ROUND(Y26*S26*AF26,0) -> 3482 | AA26: =ROUND(Y26*T26*AG26,0) -> 3111 | AB26: =ROUND(Y26*U26*AH26,0) -> 2072 | AC26: =ROUND(Y26*V26*AI26,0) -> 2694 | AD26: =ROUND(Y26*W26*AJ26,0) -> 1658 | AE26: =ROUND(Y26*X26*AK26,0) -> 1865 | AF26: 0.85 | AG26: 0.75 | AH26: 0.5 | AI26: 0.65 | AJ26: 0.4 | AK26: 0.45 | AL26: 開孔尺寸55*55mm
A27: (停產) | B27: 一般 | C27: DSZ07063 | D27: SOPRO 投射燈-方形-7W24°(無框) | E27: 顆 | F27: 開孔尺寸：55*55mm 尺寸：長78*寬78*高81mm 表面：黑色、白色 顯色指數（CRI）：Ra>95 統一眩光等級（UGR）：UGR<9 光束角度：24° 功率：7W 光通量：>350lm 色溫範圍：2700K~6000K 調光：PWM數位調光 調光頻率：3.84kHz | G27: /uploads/product_images/DSZ07063.png | H27: USD | I27: 32.5 | J27: 30.46 | K27: =IFERROR(VLOOKUP(C27,[1]智慧家庭產品價格表.含稅!C:S,17,FALSE),0) -> 1 | L27: 13 | M27: =ROUND(IF(L27<1,(J27+K27)*L27+(J27+K27),(J27+K27)*(L27/100)+(J27+K27)),2) -> 35.55 | N27: 20 | O27: =ROUND(M27*I27+N27,0) -> 1175 | P27: 158 | Q27: 315 | R27: 3.722 | S27: 0.941 | T27: 0.952 | U27: 0.952 | V27: 0.952 | W27: 0.952 | X27: 0.952 | Y27: =ROUND(O27*R27,0) -> 4373 | Z27: =ROUND(Y27*S27*AF27,0) -> 3498 | AA27: =ROUND(Y27*T27*AG27,0) -> 3122 | AB27: =ROUND(Y27*U27*AH27,0) -> 2082 | AC27: =ROUND(Y27*V27*AI27,0) -> 2706 | AD27: =ROUND(Y27*W27*AJ27,0) -> 1665 | AE27: =ROUND(Y27*X27*AK27,0) -> 1873 | AF27: 0.85 | AG27: 0.75 | AH27: 0.5 | AI27: 0.65 | AJ27: 0.4 | AK27: 0.45 | AL27: 開孔尺寸55*55mm
A28: (停產) | B28: 一般 | C28: DSZ07064 | D28: SOPRO 投射燈-方形-7W36°(無框) | E28: 顆 | F28: 開孔尺寸：55*55mm 尺寸：長78*寬78*高81mm 表面：黑色、白色 顯色指數（CRI）：Ra>95 統一眩光等級（UGR）：UGR<9 光束角度：36° 功率：7W 光通量：>350lm 色溫範圍：2700K~6000K 調光：PWM數位調光 調光頻率：3.84kHz | G28: /uploads/product_images/DSZ07064.png | H28: USD | I28: 32.5 | J28: 30.46 | K28: =IFERROR(VLOOKUP(C28,[1]智慧家庭產品價格表.含稅!C:S,17,FALSE),0) -> 1 | L28: 13 | M28: =ROUND(IF(L28<1,(J28+K28)*L28+(J28+K28),(J28+K28)*(L28/100)+(J28+K28)),2) -> 35.55 | N28: 20 | O28: =ROUND(M28*I28+N28,0) -> 1175 | P28: 158 | Q28: 315 | R28: 3.705 | S28: 0.941 | T28: 0.953 | U28: 0.952 | V28: 0.952 | W28: 0.952 | X28: 0.952 | Y28: =ROUND(O28*R28,0) -> 4353 | Z28: =ROUND(Y28*S28*AF28,0) -> 3482 | AA28: =ROUND(Y28*T28*AG28,0) -> 3111 | AB28: =ROUND(Y28*U28*AH28,0) -> 2072 | AC28: =ROUND(Y28*V28*AI28,0) -> 2694 | AD28: =ROUND(Y28*W28*AJ28,0) -> 1658 | AE28: =ROUND(Y28*X28*AK28,0) -> 1865 | AF28: 0.85 | AG28: 0.75 | AH28: 0.5 | AI28: 0.65 | AJ28: 0.4 | AK28: 0.45 | AL28: 開孔尺寸55*55mm
A29: (停產) | B29: 一般 | C29: DSZ07065 | D29: SOPRO 投射燈-方形-7W15°(無框) | E29: 顆 | F29: 開孔尺寸：55*55mm 尺寸：長78*寬78*高81mm 表面：黑色、白色 顯色指數（CRI）：Ra>95 統一眩光等級（UGR）：UGR<9 光束角度：15° 功率：7W 光通量：>350lm 色溫範圍：2700K~6000K 調光：PWM數位調光 調光頻率：3.84kHz | G29: /uploads/product_images/DSZ07065.png | H29: USD | I29: 32.5 | J29: 30.46 | K29: =IFERROR(VLOOKUP(C29,[1]智慧家庭產品價格表.含稅!C:S,17,FALSE),0) -> 1 | L29: 13 | M29: =ROUND(IF(L29<1,(J29+K29)*L29+(J29+K29),(J29+K29)*(L29/100)+(J29+K29)),2) -> 35.55 | N29: 20 | O29: =ROUND(M29*I29+N29,0) -> 1175 | P29: 158 | Q29: 315 | R29: 3.566 | S29: 0.941 | T29: 0.952 | U29: 0.952 | V29: 0.952 | W29: 0.952 | X29: 0.952 | Y29: =ROUND(O29*R29,0) -> 4190 | Z29: =ROUND(Y29*S29*AF29,0) -> 3351 | AA29: =ROUND(Y29*T29*AG29,0) -> 2992 | AB29: =ROUND(Y29*U29*AH29,0) -> 1994 | AC29: =ROUND(Y29*V29*AI29,0) -> 2593 | AD29: =ROUND(Y29*W29*AJ29,0) -> 1596 | AE29: =ROUND(Y29*X29*AK29,0) -> 1795 | AF29: 0.85 | AG29: 0.75 | AH29: 0.5 | AI29: 0.65 | AJ29: 0.4 | AK29: 0.45 | AL29: 開孔尺寸55*55mm
A30: (停產) | B30: 一般 | C30: DSZ07067 | D30: SOPRO 投射燈-圓形-7W15°(無框) | E30: 顆 | F30: 開孔尺寸：φ55mm 尺寸：φ78* H77mm 表面：黑色、白色 顯色指數（CRI）：Ra>95 統一眩光等級（UGR）：UGR<9 光束角度：15° 功率：7W 光通量：>350lm 色溫範圍：2700K~6000K 調光：PWM數位調光 調光頻率：3.84kHz | G30: /uploads/product_images/DSZ07067.png | H30: USD | I30: 32.5 | J30: 30.46 | K30: =IFERROR(VLOOKUP(C30,[1]智慧家庭產品價格表.含稅!C:S,17,FALSE),0) -> 1 | L30: 13 | M30: =ROUND(IF(L30<1,(J30+K30)*L30+(J30+K30),(J30+K30)*(L30/100)+(J30+K30)),2) -> 35.55 | N30: 20 | O30: =ROUND(M30*I30+N30,0) -> 1175 | P30: 158 | Q30: 315 | R30: 3.702 | S30: 0.941 | T30: 0.952 | U30: 0.952 | V30: 0.952 | W30: 0.952 | X30: 0.952 | Y30: =ROUND(O30*R30,0) -> 4350 | Z30: =ROUND(Y30*S30*AF30,0) -> 3479 | AA30: =ROUND(Y30*T30*AG30,0) -> 3106 | AB30: =ROUND(Y30*U30*AH30,0) -> 2071 | AC30: =ROUND(Y30*V30*AI30,0) -> 2692 | AD30: =ROUND(Y30*W30*AJ30,0) -> 1656 | AE30: =ROUND(Y30*X30*AK30,0) -> 1864 | AF30: 0.85 | AG30: 0.75 | AH30: 0.5 | AI30: 0.65 | AJ30: 0.4 | AK30: 0.45 | AL30: 開孔尺寸55mm
A31: (停產) | B31: 一般 | C31: DSZ07069 | D31: SOPRO 投射燈-圓形-7W24°(無框) | E31: 顆 | F31: 開孔尺寸：φ55mm 尺寸：φ78* H77mm 表面：黑色、白色 顯色指數（CRI）：Ra>95 統一眩光等級（UGR）：UGR<9 光束角度：24° 功率：7W 光通量：>350lm 色溫範圍：2700K~6000K 調光：PWM數位調光 調光頻率：3.84kHz | G31: /uploads/product_images/DSZ07069.png | H31: USD | I31: 32.5 | J31: 30.46 | K31: =IFERROR(VLOOKUP(C31,[1]智慧家庭產品價格表.含稅!C:S,17,FALSE),0) -> 1 | L31: 13 | M31: =ROUND(IF(L31<1,(J31+K31)*L31+(J31+K31),(J31+K31)*(L31/100)+(J31+K31)),2) -> 35.55 | N31: 20 | O31: =ROUND(M31*I31+N31,0) -> 1175 | P31: 158 | Q31: 315 | R31: 3.702 | S31: 0.941 | T31: 0.952 | U31: 0.952 | V31: 0.952 | W31: 0.952 | X31: 0.952 | Y31: =ROUND(O31*R31,0) -> 4350 | Z31: =ROUND(Y31*S31*AF31,0) -> 3479 | AA31: =ROUND(Y31*T31*AG31,0) -> 3106 | AB31: =ROUND(Y31*U31*AH31,0) -> 2071 | AC31: =ROUND(Y31*V31*AI31,0) -> 2692 | AD31: =ROUND(Y31*W31*AJ31,0) -> 1656 | AE31: =ROUND(Y31*X31*AK31,0) -> 1864 | AF31: 0.85 | AG31: 0.75 | AH31: 0.5 | AI31: 0.65 | AJ31: 0.4 | AK31: 0.45 | AL31: 開孔尺寸55mm
A32: (停產) | B32: 一般 | C32: DSZ07071 | D32: SOPRO 投射燈-圓形-7W36°(無框) | E32: 顆 | F32: 開孔尺寸：φ55mm 尺寸：φ78* H77mm 表面：黑色、白色 顯色指數（CRI）：Ra>95 統一眩光等級（UGR）：UGR<9 光束角度：36° 功率：7W 光通量：>350lm 色溫範圍：2700K~6000K 調光：PWM數位調光 調光頻率：3.84kHz | G32: /uploads/product_images/DSZ07071.png | H32: USD | I32: 32.5 | J32: 30.46 | K32: =IFERROR(VLOOKUP(C32,[1]智慧家庭產品價格表.含稅!C:S,17,FALSE),0) -> 1 | L32: 13 | M32: =ROUND(IF(L32<1,(J32+K32)*L32+(J32+K32),(J32+K32)*(L32/100)+(J32+K32)),2) -> 35.55 | N32: 20 | O32: =ROUND(M32*I32+N32,0) -> 1175 | P32: 158 | Q32: 315 | R32: 3.702 | S32: 0.941 | T32: 0.952 | U32: 0.952 | V32: 0.952 | W32: 0.952 | X32: 0.952 | Y32: =ROUND(O32*R32,0) -> 4350 | Z32: =ROUND(Y32*S32*AF32,0) -> 3479 | AA32: =ROUND(Y32*T32*AG32,0) -> 3106 | AB32: =ROUND(Y32*U32*AH32,0) -> 2071 | AC32: =ROUND(Y32*V32*AI32,0) -> 2692 | AD32: =ROUND(Y32*W32*AJ32,0) -> 1656 | AE32: =ROUND(Y32*X32*AK32,0) -> 1864 | AF32: 0.85 | AG32: 0.75 | AH32: 0.5 | AI32: 0.65 | AJ32: 0.4 | AK32: 0.45 | AL32: 開孔尺寸55mm
A33: (停產) | B33: 一般 | C33: DSZ12051 | D33: SOPRO 投射燈-方形-12W24° | E33: 顆 | F33: 開孔尺寸：75*75mm 尺寸：長85*寬85*高106mm 表面：黑色、白色 顯色指數（CRI）：Ra>95 統一眩光等級（UGR）：UGR<9 光束角度：24° 功率：12W 光通量：>600lm 色溫範圍：2700K~6000K 調光：PWM數位調光 調光頻率：3.84kHz | G33: /uploads/product_images/DSZ12051.png | H33: USD | I33: 32.5 | J33: 38.92 | K33: =IFERROR(VLOOKUP(C33,[1]智慧家庭產品價格表.含稅!C:S,17,FALSE),0) -> 1 | L33: 13 | M33: =ROUND(IF(L33<1,(J33+K33)*L33+(J33+K33),(J33+K33)*(L33/100)+(J33+K33)),2) -> 45.11 | N33: 20 | O33: =ROUND(M33*I33+N33,0) -> 1486 | P33: 158 | Q33: 315 | R33: 3.68 | S33: 0.941 | T33: 0.952 | U33: 0.952 | V33: 0.952 | W33: 0.952 | X33: 0.952 | Y33: =ROUND(O33*R33,0) -> 5468 | Z33: =ROUND(Y33*S33*AF33,0) -> 4374 | AA33: =ROUND(Y33*T33*AG33,0) -> 3904 | AB33: =ROUND(Y33*U33*AH33,0) -> 2603 | AC33: =ROUND(Y33*V33*AI33,0) -> 3384 | AD33: =ROUND(Y33*W33*AJ33,0) -> 2082 | AE33: =ROUND(Y33*X33*AK33,0) -> 2342 | AF33: 0.85 | AG33: 0.75 | AH33: 0.5 | AI33: 0.65 | AJ33: 0.4 | AK33: 0.45 | AL33: 開孔尺寸75*75mm
A34: (停產) | B34: 一般 | C34: DSZ12052 | D34: SOPRO 投射燈-方形-12W36° | E34: 顆 | F34: 開孔尺寸：75*75mm 尺寸：長85*寬85*高106mm 表面：黑色、白色 顯色指數（CRI）：Ra>95 統一眩光等級（UGR）：UGR<9 光束角度：36° 功率：12W 光通量：>600lm 色溫範圍：2700K~6000K 調光：PWM數位調光 調光頻率：3.84kHz | G34: /uploads/product_images/DSZ12052.png | H34: USD | I34: 32.5 | J34: 38.92 | K34: =IFERROR(VLOOKUP(C34,[1]智慧家庭產品價格表.含稅!C:S,17,FALSE),0) -> 1 | L34: 13 | M34: =ROUND(IF(L34<1,(J34+K34)*L34+(J34+K34),(J34+K34)*(L34/100)+(J34+K34)),2) -> 45.11 | N34: 20 | O34: =ROUND(M34*I34+N34,0) -> 1486 | P34: 158 | Q34: 315 | R34: 3.68 | S34: 0.941 | T34: 0.952 | U34: 0.952 | V34: 0.952 | W34: 0.952 | X34: 0.952 | Y34: =ROUND(O34*R34,0) -> 5468 | Z34: =ROUND(Y34*S34*AF34,0) -> 4374 | AA34: =ROUND(Y34*T34*AG34,0) -> 3904 | AB34: =ROUND(Y34*U34*AH34,0) -> 2603 | AC34: =ROUND(Y34*V34*AI34,0) -> 3384 | AD34: =ROUND(Y34*W34*AJ34,0) -> 2082 | AE34: =ROUND(Y34*X34*AK34,0) -> 2342 | AF34: 0.85 | AG34: 0.75 | AH34: 0.5 | AI34: 0.65 | AJ34: 0.4 | AK34: 0.45 | AL34: 開孔尺寸75*75mm
... A41: (停產) | B41: 一般 | C41: DSZ12072 | D41: SOPRO 投射燈-圓形-12W36°(無框) | E41: 顆 | F41: 開孔尺寸：φ75mm 尺寸：φ100* H106mm 表面：黑色、白色 顯色指數（CRI）：Ra>95 統一眩光等級（UGR）：UGR<9 光束角度：36° 功率：12W 光通量：>600lm 色溫範圍：2700K~6000K 調光：PWM數位調光 調光頻率：3.84kHz | G41: /uploads/product_images/DSZ12072.png | H41: USD | I41: 32.5 | J41: 38.92 | K41: =IFERROR(VLOOKUP(C41,[1]智慧家庭產品價格表.含稅!C:S,17,FALSE),0) -> 1 | L41: 13 | M41: =ROUND(IF(L41<1,(J41+K41)*L41+(J41+K41),(J41+K41)*(L41/100)+(J41+K41)),2) -> 45.11 | N41: 20 | O41: =ROUND(M41*I41+N41,0) -> 1486 | P41: 158 | Q41: 315 | R41: 3.675 | S41: 0.941 | T41: 0.952 | U41: 0.952 | V41: 0.952 | W41: 0.952 | X41: 0.952 | Y41: =ROUND(O41*R41,0) -> 5461 | Z41: =ROUND(Y41*S41*AF41,0) -> 4368 | AA41: =ROUND(Y41*T41*AG41,0) -> 3899 | AB41: =ROUND(Y41*U41*AH41,0) -> 2599 | AC41: =ROUND(Y41*V41*AI41,0) -> 3379 | AD41: =ROUND(Y41*W41*AJ41,0) -> 2080 | AE41: =ROUND(Y41*X41*AK41,0) -> 2339 | AF41: 0.85 | AG41: 0.75 | AH41: 0.5 | AI41: 0.65 | AJ41: 0.4 | AK41: 0.45 | AL41: 開孔尺寸75mm
A42: (停產) | B42: 一般 | C42: DSZ12129 | D42: 蒼芎投射燈 | E42: 顆 | F42: 電源供應器：AC220-240V 50Hz 尺寸：φ85*H103.5mm 開孔尺寸： φ75mm 光束角：36° 額定功率：12W 光通量：>600lm 顯色指數>90Ra 色溫範圍：1800K-20000K RGBCW COB | G42: /uploads/product_images/DSZ12129.png | H42: USD | I42: 32.5 | J42: 53 | K42: =IFERROR(VLOOKUP(C42,[1]智慧家庭產品價格表.含稅!C:S,17,FALSE),0) -> 1 | L42: 13 | M42: =ROUND(IF(L42<1,(J42+K42)*L42+(J42+K42),(J42+K42)*(L42/100)+(J42+K42)),2) -> 61.02 | N42: 0 | O42: =ROUND(M42*I42+N42,0) -> 1983 | P42: 158 | Q42: 315 | R42: 3.414 | S42: 0.941 | T42: 0.952 | U42: 0.952 | V42: 0.952 | W42: 0.952 | X42: 0.952 | Y42: =ROUND(O42*R42,0) -> 6770 | Z42: =ROUND(Y42*S42*AF42,0) -> 5415 | AA42: =ROUND(Y42*T42*AG42,0) -> 4834 | AB42: =ROUND(Y42*U42*AH42,0) -> 3223 | AC42: =ROUND(Y42*V42*AI42,0) -> 4189 | AD42: =ROUND(Y42*W42*AJ42,0) -> 2578 | AE42: =ROUND(Y42*X42*AK42,0) -> 2900 | AF42: 0.85 | AG42: 0.75 | AH42: 0.5 | AI42: 0.65 | AJ42: 0.4 | AK42: 0.45
A43: (停產) | B43: 一般 | C43: DSZ12136 | D43: 蒼芎崁燈 | E43: 顆 | F43: 電源供應器：AC220-240V 50Hz 尺寸：φ85*H95mm 開孔尺寸： φ75mm 光束角：70° 額定功率：12W 光通量：>480lm 顯色指數>90Ra 色溫範圍：1800K-20000K RGBCW COB | G43: /uploads/product_images/DSZ12136.png | H43: USD | I43: 32.5 | J43: 51 | K43: =IFERROR(VLOOKUP(C43,[1]智慧家庭產品價格表.含稅!C:S,17,FALSE),0) -> 1 | L43: 13 | M43: =ROUND(IF(L43<1,(J43+K43)*L43+(J43+K43),(J43+K43)*(L43/100)+(J43+K43)),2) -> 58.76 | N43: 0 | O43: =ROUND(M43*I43+N43,0) -> 1910 | P43: 158 | Q43: 315 | R43: 3.348 | S43: 0.941 | T43: 0.952 | U43: 0.952 | V43: 0.952 | W43: 0.952 | X43: 0.952 | Y43: =ROUND(O43*R43,0) -> 6395 | Z43: =ROUND(Y43*S43*AF43,0) -> 5115 | AA43: =ROUND(Y43*T43*AG43,0) -> 4566 | AB43: =ROUND(Y43*U43*AH43,0) -> 3044 | AC43: =ROUND(Y43*V43*AI43,0) -> 3957 | AD43: =ROUND(Y43*W43*AJ43,0) -> 2435 | AE43: =ROUND(Y43*X43*AK43,0) -> 2740 | AF43: 0.85 | AG43: 0.75 | AH43: 0.5 | AI43: 0.65 | AJ43: 0.4 | AK43: 0.45
A44: (停產) | B44: 一般 | C44: DT40Z07A | D44: 超薄智慧投射燈7W 24°S1 | E44: 顆 | F44: 電源供應器：AC220V，50/60Hz 開孔尺寸：75~85mm 燈尺寸：96mm x 46mm 顯色指數：Ra>90 光束角：24° 光通量：455 lm 功率：7瓦 色溫範圍：2700K~6000K | G44: /uploads/product_images/DT40Z07A.png | H44: USD | I44: 32.5 | J44: 17 | K44: =IFERROR(VLOOKUP(C44,[1]智慧家庭產品價格表.含稅!C:S,17,FALSE),0) -> 1 | L44: 13 | M44: =ROUND(IF(L44<1,(J44+K44)*L44+(J44+K44),(J44+K44)*(L44/100)+(J44+K44)),2) -> 20.34 | N44: 20 | O44: =ROUND(M44*I44+N44,0) -> 681 | P44: 158 | Q44: 315 | R44: 3.172 | S44: 1 | T44: 1.015 | U44: 1.047 | V44: 1.026 | W44: 1.072 | X44: 1.057 | Y44: =ROUND(O44*R44,0) -> 2160 | Z44: =ROUND(Y44*S44*AF44,0) -> 1836 | AA44: =ROUND(Y44*T44*AG44,0) -> 1644 | AB44: =ROUND(Y44*U44*AH44,0) -> 1131 | AC44: =ROUND(Y44*V44*AI44,0) -> 1441 | AD44: =ROUND(Y44*W44*AJ44,0) -> 926 | AE44: =ROUND(Y44*X44*AK44,0) -> 1027 | AF44: 0.85 | AG44: 0.75 | AH44: 0.5 | AI44: 0.65 | AJ44: 0.4 | AK44: 0.45 | AL44: 開孔尺寸80mm
A45: (停產) | B45: 一般 | C45: DT40Z07B | D45: 超薄智慧崁燈7W 105°S1 | E45: 顆 | F45: 電源供應器：AC220V，50/60Hz 開孔尺寸：75~85mm 燈尺寸：96mm x 46mm 顯色指數：Ra>90 光束角：105° 光通量：420 lm 功率：7瓦 色溫範圍：2700K~6000K | G45: /uploads/product_images/DT40Z07B.png | H45: USD | I45: 32.5 | J45: 15 | K45: =IFERROR(VLOOKUP(C45,[1]智慧家庭產品價格表.含稅!C:S,17,FALSE),0) -> 1 | L45: 13 | M45: =ROUND(IF(L45<1,(J45+K45)*L45+(J45+K45),(J45+K45)*(L45/100)+(J45+K45)),2) -> 18.08 | N45: 20 | O45: =ROUND(M45*I45+N45,0) -> 608 | P45: 158 | Q45: 315 | R45: 2.527 | S45: 0.941 | T45: 0.952 | U45: 0.952 | V45: 0.952 | W45: 0.952 | X45: 0.952 | Y45: =ROUND(O45*R45,0) -> 1536 | Z45: =ROUND(Y45*S45*AF45,0) -> 1229 | AA45: =ROUND(Y45*T45*AG45,0) -> 1097 | AB45: =ROUND(Y45*U45*AH45,0) -> 731 | AC45: =ROUND(Y45*V45*AI45,0) -> 950 | AD45: =ROUND(Y45*W45*AJ45,0) -> 585 | AE45: =ROUND(Y45*X45*AK45,0) -> 658 | AF45: 0.85 | AG45: 0.75 | AH45: 0.5 | AI45: 0.65 | AJ45: 0.4 | AK45: 0.45 | AL45: 開孔尺寸80mm
A46: (停產) | B46: 一般 | C46: DXW135148 | D46: 蒼芎吸頂燈PRO | E46: 組 | F46: SKY DOME PRO | G46: /uploads/product_images/DXW135148.png | H46: USD | I46: 32.5 | J46: 1077 | K46: =IFERROR(VLOOKUP(C46,[1]智慧家庭產品價格表.含稅!C:S,17,FALSE),0) -> 1 | L46: 13 | M46: =ROUND(IF(L46<1,(J46+K46)*L46+(J46+K46),(J46+K46)*(L46/100)+(J46+K46)),2) -> 1218.14 | N46: 20 | O46: =ROUND(M46*I46+N46,0) -> 39610 | P46: 315 | Q46: 1575 | R46: 3.591 | S46: 0.941 | T46: 0.952 | U46: 0.952 | V46: 0.952 | W46: 0.952 | X46: 0.952 | Y46: =ROUND(O46*R46,0) -> 142240 | Z46: =ROUND(Y46*S46*AF46,0) -> 113771 | AA46: =ROUND(Y46*T46*AG46,0) -> 101559 | AB46: =ROUND(Y46*U46*AH46,0) -> 67706 | AC46: =ROUND(Y46*V46*AI46,0) -> 88018 | AD46: =ROUND(Y46*W46*AJ46,0) -> 54165 | AE46: =ROUND(Y46*X46*AK46,0) -> 60936 | AF46: 0.85 | AG46: 0.75 | AH46: 0.5 | AI46: 0.65 | AJ46: 0.4 | AK46: 0.45
A47: (停產) | B47: 一般 | C47: DZZ08144 | D47: SOPRO智慧壁燈 | E47: 顆 | F47: 電源供應器：220V-240V～50/60Hz 尺寸：L160mm*W82mm*H104mm 協定：Wi-Fi + BLE 顯色指數：Ra>95 光束角：100° 額定功率：7W 亮度：1% - 100% 光通量：>525Lm 色溫範圍：2700K~6000K | G47: /uploads/product_images/DZZ08144.png | H47: USD | I47: 32.5 | J47: 37 | K47: =IFERROR(VLOOKUP(C47,[1]智慧家庭產品價格表.含稅!C:S,17,FALSE),0) -> 2 | L47: 13 | M47: =ROUND(IF(L47<1,(J47+K47)*L47+(J47+K47),(J47+K47)*(L47/100)+(J47+K47)),2) -> 44.07 | N47: 21 | O47: =ROUND(M47*I47+N47,0) -> 1453 | P47: 315 | Q47: 315 | R47: 2.34 | S47: 1.235 | T47: 1.27 | U47: 1.429 | V47: 1.319 | W47: 1.548 | X47: 1.481 | Y47: =ROUND(O47*R47,0) -> 3400 | Z47: =ROUND(Y47*S47*AF47,0) -> 3569 | AA47: =ROUND(Y47*T47*AG47,0) -> 3239 | AB47: =ROUND(Y47*U47*AH47,0) -> 2429 | AC47: =ROUND(Y47*V47*AI47,0) -> 2915 | AD47: =ROUND(Y47*W47*AJ47,0) -> 2105 | AE47: =ROUND(Y47*X47*AK47,0) -> 2266 | AF47: 0.85 | AG47: 0.75 | AH47: 0.5 | AI47: 0.65 | AJ47: 0.4 | AK47: 0.45
A48: (停產) | B48: 一般 | C48: DZZ16145 | D48: SOPRO智慧落地燈 | E48: 組 | F48: 電源供應器：220V-240V～50/60Hz 尺寸：W250mm*H1560mm 協定：Wi-Fi + BLE 顯色指數：Ra>95 光束角：100° 額定功率：15W 亮度：1% - 100% 光通量：>1050lm 色溫範圍：2700K~6000K | G48: /uploads/product_images/DZZ16145.png | H48: USD | I48: 32.5 | J48: 110 | K48: =IFERROR(VLOOKUP(C48,[1]智慧家庭產品價格表.含稅!C:S,17,FALSE),0) -> 3 | L48: 13 | M48: =ROUND(IF(L48<1,(J48+K48)*L48+(J48+K48),(J48+K48)*(L48/100)+(J48+K48)),2) -> 127.69 | N48: 22 | O48: =ROUND(M48*I48+N48,0) -> 4172 | P48: 158 | Q48: 315 | R48: 0.815 | S48: 2.409 | T48: 2.539 | U48: 3.333 | V48: 2.784 | W48: 3.928 | X48: 3.594 | Y48: =ROUND(O48*R48,0) -> 3400 | Z48: =ROUND(Y48*S48*AF48,0) -> 6962 | AA48: =ROUND(Y48*T48*AG48,0) -> 6474 | AB48: =ROUND(Y48*U48*AH48,0) -> 5666 | AC48: =ROUND(Y48*V48*AI48,0) -> 6153 | AD48: =ROUND(Y48*W48*AJ48,0) -> 5342 | AE48: =ROUND(Y48*X48*AK48,0) -> 5499 | AF48: 0.85 | AG48: 0.75 | AH48: 0.5 | AI48: 0.65 | AJ48: 0.4 | AK48: 0.45
A49: (停產) | B49: 一般 | C49: DZZ45147 | D49: SOPRO智慧吊燈 | E49: 顆 | F49: SOPRO smart dining chandelier | G49: /uploads/product_images/DZZ45147.png | H49: USD | I49: 32.5 | J49: 162 | K49: =IFERROR(VLOOKUP(C49,[1]智慧家庭產品價格表.含稅!C:S,17,FALSE),0) -> 1 | L49: 13 | M49: =ROUND(IF(L49<1,(J49+K49)*L49+(J49+K49),(J49+K49)*(L49/100)+(J49+K49)),2) -> 184.19 | N49: 20 | O49: =ROUND(M49*I49+N49,0) -> 6006 | P49: 315 | Q49: 1575 | R49: 3.629 | S49: 0.941 | T49: 0.952 | U49: 0.952 | V49: 0.952 | W49: 0.952 | X49: 0.952 | Y49: =ROUND(O49*R49,0) -> 21796 | Z49: =ROUND(Y49*S49*AF49,0) -> 17434 | AA49: =ROUND(Y49*T49*AG49,0) -> 15562 | AB49: =ROUND(Y49*U49*AH49,0) -> 10375 | AC49: =ROUND(Y49*V49*AI49,0) -> 13487 | AD49: =ROUND(Y49*W49*AJ49,0) -> 8300 | AE49: =ROUND(Y49*X49*AK49,0) -> 9337 | AF49: 0.85 | AG49: 0.75 | AH49: 0.5 | AI49: 0.65 | AJ49: 0.4 | AK49: 0.45
A50: (停產) | B50: 一般 | C50: GH-Mini | D50: Google語音助理 (WiFi) (恕不挑色) | E50: 台 | G50: /uploads/product_images/GH-Mini.png | H50: USD | I50: 32.5 | J50: 32.76 | K50: =IFERROR(VLOOKUP(C50,[1]智慧家庭產品價格表.含稅!C:S,17,FALSE),0) -> 2 | L50: 13 | M50: =ROUND(IF(L50<1,(J50+K50)*L50+(J50+K50),(J50+K50)*(L50/100)+(J50+K50)),2) -> 39.28 | N50: 0 | O50: =ROUND(M50*I50+N50,0) -> 1277 | P50: 52 | Q50: 315 | R50: 1.449 | S50: 1.176 | T50: 1.079 | U50: 1.619 | V50: 1.245 | W50: 2.024 | X50: 1.799 | Y50: =ROUND(O50*R50,0) -> 1850 | Z50: =ROUND(Y50*S50*AF50,0) -> 1849 | AA50: =ROUND(Y50*T50*AG50,0) -> 1497 | AB50: =ROUND(Y50*U50*AH50,0) -> 1498 | AC50: =ROUND(Y50*V50*AI50,0) -> 1497 | AD50: =ROUND(Y50*W50*AJ50,0) -> 1498 | AE50: =ROUND(Y50*X50*AK50,0) -> 1498 | AF50: 0.85 | AG50: 0.75 | AH50: 0.5 | AI50: 0.65 | AJ50: 0.4 | AK50: 0.45
A51: (停產) | B51: 一般 | C51: MG-A MG-B | D51: 美規面板-白/黑 | E51: 顆 | F51: 美規面板-白/黑 | H51: USD | I51: 32.5 | J51: 2 | K51: =IFERROR(VLOOKUP(C51,[1]智慧家庭產品價格表.含稅!C:S,17,FALSE),0) -> 1 | L51: 13 | M51: =ROUND(IF(L51<1,(J51+K51)*L51+(J51+K51),(J51+K51)*(L51/100)+(J51+K51)),2) -> 3.39 | N51: 20 | O51: =ROUND(M51*I51+N51,0) -> 130 | P51: 52 | Q51: 315 | R51: 1.039 | S51: 1.176 | T51: 1.076 | U51: 1.614 | V51: 1.242 | W51: 2.017 | X51: 1.793 | Y51: =ROUND(O51*R51,0) -> 135 | Z51: =ROUND(Y51*S51*AF51,0) -> 135 | AA51: =ROUND(Y51*T51*AG51,0) -> 109 | AB51: =ROUND(Y51*U51*AH51,0) -> 109 | AC51: =ROUND(Y51*V51*AI51,0) -> 109 | AD51: =ROUND(Y51*W51*AJ51,0) -> 109 | AE51: =ROUND(Y51*X51*AK51,0) -> 109 | AF51: 0.85 | AG51: 0.75 | AH51: 0.5 | AI51: 0.65 | AJ51: 0.4 | AK51: 0.45
A52: (停產) | B52: 一般 | C52: MG-OV01B | D52: 美規一開開關-黑 | E52: 顆 | F52: 尺寸 : 120*82*38mm 開孔尺寸 : 72*55*35mm 電源 : AC110-240V 50~60Hz 最大功率 : 600W /切 | G52: /uploads/product_images/MG-OV01B.png | H52: USD | I52: 32.5 | J52: 30 | K52: =IFERROR(VLOOKUP(C52,[1]智慧家庭產品價格表.含稅!C:S,17,FALSE),0) -> 3 | L52: 13 | M52: =ROUND(IF(L52<1,(J52+K52)*L52+(J52+K52),(J52+K52)*(L52/100)+(J52+K52)),2) -> 37.29 | N52: 20 | O52: =ROUND(M52*I52+N52,0) -> 1232 | P52: 210 | Q52: 315 | R52: 2.59 | S52: 0.941 | T52: 0.952 | U52: 0.952 | V52: 0.952 | W52: 0.952 | X52: 0.952 | Y52: =ROUND(O52*R52,0) -> 3191 | Z52: =ROUND(Y52*S52*AF52,0) -> 2552 | AA52: =ROUND(Y52*T52*AG52,0) -> 2278 | AB52: =ROUND(Y52*U52*AH52,0) -> 1519 | AC52: =ROUND(Y52*V52*AI52,0) -> 1975 | AD52: =ROUND(Y52*W52*AJ52,0) -> 1215 | AE52: =ROUND(Y52*X52*AK52,0) -> 1367 | AF52: 0.85 | AG52: 0.75 | AH52: 0.5 | AI52: 0.65 | AJ52: 0.4 | AK52: 0.45 | AL52: 需提供零線(N)-白線 採用86底盒安裝(智崴提供)
A53: (停產) | B53: 一般 | C53: MG-OV01W | D53: 美規一開開關-白 | E53: 顆 | F53: 尺寸 : 120*82*38mm 開孔尺寸 : 72*55*35mm 電源 : AC110-240V 50~60Hz 最大功率 : 600W /切 | G53: /uploads/product_images/MG-OV01W.jpeg | H53: USD | I53: 32.5 | J53: 30 | K53: =IFERROR(VLOOKUP(C53,[1]智慧家庭產品價格表.含稅!C:S,17,FALSE),0) -> 3 | L53: 13 | M53: =ROUND(IF(L53<1,(J53+K53)*L53+(J53+K53),(J53+K53)*(L53/100)+(J53+K53)),2) -> 37.29 | N53: 20 | O53: =ROUND(M53*I53+N53,0) -> 1232 | P53: 210 | Q53: 315 | R53: 2.72 | S53: 0.941 | T53: 0.952 | U53: 0.952 | V53: 0.952 | W53: 0.952 | X53: 0.953 | Y53: =ROUND(O53*R53,0) -> 3351 | Z53: =ROUND(Y53*S53*AF53,0) -> 2680 | AA53: =ROUND(Y53*T53*AG53,0) -> 2393 | AB53: =ROUND(Y53*U53*AH53,0) -> 1595 | AC53: =ROUND(Y53*V53*AI53,0) -> 2074 | AD53: =ROUND(Y53*W53*AJ53,0) -> 1276 | AE53: =ROUND(Y53*X53*AK53,0) -> 1437 | AF53: 0.85 | AG53: 0.75 | AH53: 0.5 | AI53: 0.65 | AJ53: 0.4 | AK53: 0.45 | AL53: 需提供零線(N)-白線 採用86底盒安裝(智崴提供)
A54: (停產) | B54: 一般 | C54: MG-OV02B | D54: 美規二開開關-黑 | E54: 顆 | F54: 尺寸 : 120*82*38mm 開孔尺寸 : 72*55*35mm 電源 : AC110-240V 50~60Hz 最大功率 : 300W /切 | G54: /uploads/product_images/MG-OV02B.png | H54: USD | I54: 32.5 | J54: 30 | K54: =IFERROR(VLOOKUP(C54,[1]智慧家庭產品價格表.含稅!C:S,17,FALSE),0) -> 3 | L54: 13 | M54: =ROUND(IF(L54<1,(J54+K54)*L54+(J54+K54),(J54+K54)*(L54/100)+(J54+K54)),2) -> 37.29 | N54: 20 | O54: =ROUND(M54*I54+N54,0) -> 1232 | P54: 210 | Q54: 315 | R54: 2.59 | S54: 0.941 | T54: 0.952 | U54: 0.952 | V54: 0.952 | W54: 0.952 | X54: 0.952 | Y54: =ROUND(O54*R54,0) -> 3191 | Z54: =ROUND(Y54*S54*AF54,0) -> 2552 | AA54: =ROUND(Y54*T54*AG54,0) -> 2278 | AB54: =ROUND(Y54*U54*AH54,0) -> 1519 | AC54: =ROUND(Y54*V54*AI54,0) -> 1975 | AD54: =ROUND(Y54*W54*AJ54,0) -> 1215 | AE54: =ROUND(Y54*X54*AK54,0) -> 1367 | AF54: 0.85 | AG54: 0.75 | AH54: 0.5 | AI54: 0.65 | AJ54: 0.4 | AK54: 0.45 | AL54: 需提供零線(N)-白線 採用86底盒安裝(智崴提供)
A55: (停產) | B55: 一般 | C55: MG-OV02W | D55: 美規二開開關-白 | E55: 顆 | F55: 尺寸 : 120*82*38mm 開孔尺寸 : 72*55*35mm 電源 : AC110-240V 50~60Hz 最大功率 : 300W /切 | G55: /uploads/product_images/MG-OV02W.png | H55: USD | I55: 32.5 | J55: 30 | K55: =IFERROR(VLOOKUP(C55,[1]智慧家庭產品價格表.含稅!C:S,17,FALSE),0) -> 3 | L55: 13 | M55: =ROUND(IF(L55<1,(J55+K55)*L55+(J55+K55),(J55+K55)*(L55/100)+(J55+K55)),2) -> 37.29 | N55: 20 | O55: =ROUND(M55*I55+N55,0) -> 1232 | P55: 210 | Q55: 315 | R55: 2.72 | S55: 0.941 | T55: 0.952 | U55: 0.952 | V55: 0.952 | W55: 0.952 | X55: 0.953 | Y55: =ROUND(O55*R55,0) -> 3351 | Z55: =ROUND(Y55*S55*AF55,0) -> 2680 | AA55: =ROUND(Y55*T55*AG55,0) -> 2393 | AB55: =ROUND(Y55*U55*AH55,0) -> 1595 | AC55: =ROUND(Y55*V55*AI55,0) -> 2074 | AD55: =ROUND(Y55*W55*AJ55,0) -> 1276 | AE55: =ROUND(Y55*X55*AK55,0) -> 1437 | AF55: 0.85 | AG55: 0.75 | AH55: 0.5 | AI55: 0.65 | AJ55: 0.4 | AK55: 0.45 | AL55: 需提供零線(N)-白線 採用86底盒安裝(智崴提供)
A56: (停產) | B56: 一般 | C56: MG-OV03B | D56: 美規三開開關-黑 | E56: 顆 | F56: 尺寸 : 120*82*38mm 開孔尺寸 : 72*55*35mm 電源 : AC110-240V 50~60Hz 最大功率 : 200W /切 | G56: /uploads/product_images/MG-OV03B.png | H56: USD | I56: 32.5 | J56: 30 | K56: =IFERROR(VLOOKUP(C56,[1]智慧家庭產品價格表.含稅!C:S,17,FALSE),0) -> 3 | L56: 13 | M56: =ROUND(IF(L56<1,(J56+K56)*L56+(J56+K56),(J56+K56)*(L56/100)+(J56+K56)),2) -> 37.29 | N56: 20 | O56: =ROUND(M56*I56+N56,0) -> 1232 | P56: 210 | Q56: 315 | R56: 2.59 | S56: 0.941 | T56: 0.952 | U56: 0.952 | V56: 0.952 | W56: 0.952 | X56: 0.952 | Y56: =ROUND(O56*R56,0) -> 3191 | Z56: =ROUND(Y56*S56*AF56,0) -> 2552 | AA56: =ROUND(Y56*T56*AG56,0) -> 2278 | AB56: =ROUND(Y56*U56*AH56,0) -> 1519 | AC56: =ROUND(Y56*V56*AI56,0) -> 1975 | AD56: =ROUND(Y56*W56*AJ56,0) -> 1215 | AE56: =ROUND(Y56*X56*AK56,0) -> 1367 | AF56: 0.85 | AG56: 0.75 | AH56: 0.5 | AI56: 0.65 | AJ56: 0.4 | AK56: 0.45 | AL56: 需提供零線(N)-白線 採用86底盒安裝(智崴提供)
A57: (停產) | B57: 一般 | C57: MG-OV03SB | D57: 美規情境開關-黑 | E57: 顆 | F57: 尺寸 : 120*82*38mm 開孔尺寸 : 72*55*35mm 電源 : AC110-240V 50~60Hz | G57: /uploads/product_images/MG-OV03SB.png | H57: USD | I57: 32.5 | J57: 30 | K57: =IFERROR(VLOOKUP(C57,[1]智慧家庭產品價格表.含稅!C:S,17,FALSE),0) -> 3 | L57: 13 | M57: =ROUND(IF(L57<1,(J57+K57)*L57+(J57+K57),(J57+K57)*(L57/100)+(J57+K57)),2) -> 37.29 | N57: 20 | O57: =ROUND(M57*I57+N57,0) -> 1232 | P57: 210 | Q57: 315 | R57: 2.59 | S57: 0.941 | T57: 0.952 | U57: 0.952 | V57: 0.952 | W57: 0.952 | X57: 0.952 | Y57: =ROUND(O57*R57,0) -> 3191 | Z57: =ROUND(Y57*S57*AF57,0) -> 2552 | AA57: =ROUND(Y57*T57*AG57,0) -> 2278 | AB57: =ROUND(Y57*U57*AH57,0) -> 1519 | AC57: =ROUND(Y57*V57*AI57,0) -> 1975 | AD57: =ROUND(Y57*W57*AJ57,0) -> 1215 | AE57: =ROUND(Y57*X57*AK57,0) -> 1367 | AF57: 0.85 | AG57: 0.75 | AH57: 0.5 | AI57: 0.65 | AJ57: 0.4 | AK57: 0.45 | AL57: 需提供零線(N)-白線 採用86底盒安裝(智崴提供)
A58: (停產) | B58: 一般 | C58: MG-OV03SW | D58: 美規情境開關-白 | E58: 顆 | F58: 尺寸 : 120*82*38mm 開孔尺寸 : 72*55*35mm 電源 : AC110-240V 50~60Hz | G58: /uploads/product_images/MG-OV03SW.png | H58: USD | I58: 32.5 | J58: 30 | K58: =IFERROR(VLOOKUP(C58,[1]智慧家庭產品價格表.含稅!C:S,17,FALSE),0) -> 3 | L58: 13 | M58: =ROUND(IF(L58<1,(J58+K58)*L58+(J58+K58),(J58+K58)*(L58/100)+(J58+K58)),2) -> 37.29 | N58: 20 | O58: =ROUND(M58*I58+N58,0) -> 1232 | P58: 210 | Q58: 315 | R58: 2.59 | S58: 0.941 | T58: 0.952 | U58: 0.952 | V58: 0.952 | W58: 0.952 | X58: 0.952 | Y58: =ROUND(O58*R58,0) -> 3191 | Z58: =ROUND(Y58*S58*AF58,0) -> 2552 | AA58: =ROUND(Y58*T58*AG58,0) -> 2278 | AB58: =ROUND(Y58*U58*AH58,0) -> 1519 | AC58: =ROUND(Y58*V58*AI58,0) -> 1975 | AD58: =ROUND(Y58*W58*AJ58,0) -> 1215 | AE58: =ROUND(Y58*X58*AK58,0) -> 1367 | AF58: 0.85 | AG58: 0.75 | AH58: 0.5 | AI58: 0.65 | AJ58: 0.4 | AK58: 0.45 | AL58: 需提供零線(N)-白線 採用86底盒安裝(智崴提供)
A59: (停產) | B59: 一般 | C59: MG-OV03W | D59: 美規三開開關-白 | E59: 顆 | F59: 尺寸 : 120*82*38mm 開孔尺寸 : 72*55*35mm 電源 : AC110-240V 50~60Hz 最大功率 : 200W /切 | G59: /uploads/product_images/MG-OV03W.png | H59: USD | I59: 32.5 | J59: 30 | K59: =IFERROR(VLOOKUP(C59,[1]智慧家庭產品價格表.含稅!C:S,17,FALSE),0) -> 3 | L59: 13 | M59: =ROUND(IF(L59<1,(J59+K59)*L59+(J59+K59),(J59+K59)*(L59/100)+(J59+K59)),2) -> 37.29 | N59: 20 | O59: =ROUND(M59*I59+N59,0) -> 1232 | P59: 210 | Q59: 315 | R59: 2.59 | S59: 0.941 | T59: 0.952 | U59: 0.952 | V59: 0.952 | W59: 0.952 | X59: 0.952 | Y59: =ROUND(O59*R59,0) -> 3191 | Z59: =ROUND(Y59*S59*AF59,0) -> 2552 | AA59: =ROUND(Y59*T59*AG59,0) -> 2278 | AB59: =ROUND(Y59*U59*AH59,0) -> 1519 | AC59: =ROUND(Y59*V59*AI59,0) -> 1975 | AD59: =ROUND(Y59*W59*AJ59,0) -> 1215 | AE59: =ROUND(Y59*X59*AK59,0) -> 1367 | AF59: 0.85 | AG59: 0.75 | AH59: 0.5 | AI59: 0.65 | AJ59: 0.4 | AK59: 0.45 | AL59: 需提供零線(N)-白線 採用86底盒安裝(智崴提供)
A60: (停產) | B60: 一般 | C60: OLock | D60: 智慧門鎖OLock-WiFi版 | E60: 把 | F60: 戶外尺寸：153*68*29.5mm 室內尺寸：173*72*51.5mm 支援門厚：35-55mm 電源供應：AA電池四個 無線：WiFi 802.11b/g/n 解鎖方式：密碼、單次臨時、APP遠端解鎖與實體鑰匙 自動上鎖與警報通報 (個案用，無消防測燒認證) | G60: /uploads/product_images/OLock.png | H60: USD | I60: 32.5 | J60: 55.82 | K60: =IFERROR(VLOOKUP(C60,[1]智慧家庭產品價格表.含稅!C:S,17,FALSE),0) -> 15 | L60: 13 | M60: =ROUND(IF(L60<1,(J60+K60)*L60+(J60+K60),(J60+K60)*(L60/100)+(J60+K60)),2) -> 80.03 | N60: 896 | O60: =ROUND(M60*I60+N60,0) -> 3497 | P60: 472 | Q60: 315 | R60: 2.772 | S60: 0.941 | T60: 0.952 | U60: 0.952 | V60: 0.952 | W60: 0.952 | X60: 0.952 | Y60: =ROUND(O60*R60,0) -> 9694 | Z60: =ROUND(Y60*S60*AF60,0) -> 7754 | AA60: =ROUND(Y60*T60*AG60,0) -> 6922 | AB60: =ROUND(Y60*U60*AH60,0) -> 4614 | AC60: =ROUND(Y60*V60*AI60,0) -> 5999 | AD60: =ROUND(Y60*W60*AJ60,0) -> 3691 | AE60: =ROUND(Y60*X60*AK60,0) -> 4153 | AF60: 0.85 | AG60: 0.75 | AH60: 0.5 | AI60: 0.65 | AJ60: 0.4 | AK60: 0.45
A61: (停產) | B61: 一般 | C61: S2 | D61: 智慧門鎖S2-WiFi版 | E61: 把 | F61: 尺寸：337*67*71.3mm 電源：DC 7.5V（5*2顆AA電池） 應急電源：DC 5V，C型 支援門板厚度：40~120mm（標準：50~90mm) 工作溫度：-20～60℃ | G61: /uploads/product_images/S2.png | H61: USD | I61: 32.5 | J61: 85.542857 | K61: =IFERROR(VLOOKUP(C61,[1]智慧家庭產品價格表.含稅!C:S,17,FALSE),0) -> 15 | L61: 13 | M61: =ROUND(IF(L61<1,(J61+K61)*L61+(J61+K61),(J61+K61)*(L61/100)+(J61+K61)),2) -> 113.61 | N61: 896 | O61: =ROUND(M61*I61+N61,0) -> 4588 | P61: 472 | Q61: 315 | R61: 3.62 | S61: 0.941 | T61: 0.952 | U61: 0.952 | V61: 0.952 | W61: 0.952 | X61: 0.952 | Y61: =ROUND(O61*R61,0) -> 16609 | Z61: =ROUND(Y61*S61*AF61,0) -> 13285 | AA61: =ROUND(Y61*T61*AG61,0) -> 11859 | AB61: =ROUND(Y61*U61*AH61,0) -> 7906 | AC61: =ROUND(Y61*V61*AI61,0) -> 10278 | AD61: =ROUND(Y61*W61*AJ61,0) -> 6325 | AE61: =ROUND(Y61*X61*AK61,0) -> 7115 | AF61: 0.85 | AG61: 0.75 | AH61: 0.5 | AI61: 0.65 | AJ61: 0.4 | AK61: 0.45
A62: (停產) | B62: 一般 | C62: SHOWCASE-T1 | D62: T1展示架 | E62: 座 | G62: /uploads/product_images/SHOWCASE-T1.png | H62: USD | I62: 32.5 | J62: 50 | K62: =IFERROR(VLOOKUP(C62,[1]智慧家庭產品價格表.含稅!C:S,17,FALSE),0) -> 3 | L62: 13 | M62: =ROUND(IF(L62<1,(J62+K62)*L62+(J62+K62),(J62+K62)*(L62/100)+(J62+K62)),2) -> 59.89 | N62: 0 | O62: =ROUND(M62*I62+N62,0) -> 1946 | P62: 0 | Q62: 0 | R62: 1.188 | S62: 0.94 | T62: 0.952 | U62: 0.952 | V62: 0.952 | W62: 0.952 | X62: 0.952 | Y62: =ROUND(O62*R62,0) -> 2312 | Z62: =ROUND(Y62*S62*AF62,0) -> 1847 | AA62: =ROUND(Y62*T62*AG62,0) -> 1651 | AB62: =ROUND(Y62*U62*AH62,0) -> 1101 | AC62: =ROUND(Y62*V62*AI62,0) -> 1431 | AD62: =ROUND(Y62*W62*AJ62,0) -> 880 | AE62: =ROUND(Y62*X62*AK62,0) -> 990 | AF62: 0.85 | AG62: 0.75 | AH62: 0.5 | AI62: 0.65 | AJ62: 0.4 | AK62: 0.45
A63: (停產) | B63: 一般 | C63: T1-CB | D63: 智慧門鎖T1-CB-ZigBee版 | E63: 把 | F63: 尺寸：336mm * 66mm * 70mm 電源：DC 7.5V（5 * 2pcs AA電池） 應急電源：DC 5V，Type C(USB 3.0) 支撐門厚度：40〜120mm（標準：50〜90mm） 工作溫度：-10〜50℃ 支援：指紋、密碼、臨時密碼、感應卡、實體鑰匙 具備開關門顯示功能 (個案用，無消防測燒認證) 預計9月份停產 (停產) | G63: /uploads/product_images/T1-CB.png | H63: USD | I63: 32.5 | J63: 161 | K63: =IFERROR(VLOOKUP(C63,[1]智慧家庭產品價格表.含稅!C:S,17,FALSE),0) -> 15 | L63: 13 | M63: =ROUND(IF(L63<1,(J63+K63)*L63+(J63+K63),(J63+K63)*(L63/100)+(J63+K63)),2) -> 198.88 | N63: 896 | O63: =ROUND(M63*I63+N63,0) -> 7360 | P63: 472 | Q63: 315 | R63: 3.469 | S63: 0.941 | T63: 0.952 | U63: 0.952 | V63: 0.952 | W63: 0.952 | X63: 0.952 | Y63: =ROUND(O63*R63,0) -> 25532 | Z63: =ROUND(Y63*S63*AF63,0) -> 20422 | AA63: =ROUND(Y63*T63*AG63,0) -> 18230 | AB63: =ROUND(Y63*U63*AH63,0) -> 12153 | AC63: =ROUND(Y63*V63*AI63,0) -> 15799 | AD63: =ROUND(Y63*W63*AJ63,0) -> 9723 | AE63: =ROUND(Y63*X63*AK63,0) -> 10938 | AF63: 0.85 | AG63: 0.75 | AH63: 0.5 | AI63: 0.65 | AJ63: 0.4 | AK63: 0.45
A64: (停產) | B64: 一般 | C64: T30S3Z | D64: 經典情境開關 | E64: 顆 | F64: 尺寸：90 * 86 * 38mm 電氣參數：AC250V，50 / 60Hz 工作溫度：-20〜60℃，-4〜140°F | G64: /uploads/product_images/T30S3Z.png | H64: USD | I64: 32.5 | J64: 20.96 | K64: =IFERROR(VLOOKUP(C64,[1]智慧家庭產品價格表.含稅!C:S,17,FALSE),0) -> 1 | L64: 13 | M64: =ROUND(IF(L64<1,(J64+K64)*L64+(J64+K64),(J64+K64)*(L64/100)+(J64+K64)),2) -> 24.81 | N64: 20 | O64: =ROUND(M64*I64+N64,0) -> 826 | P64: 262 | Q64: 714 | R64: 4.094 | S64: 0.941 | T64: 0.952 | U64: 0.952 | V64: 0.952 | W64: 0.952 | X64: 0.952 | Y64: =ROUND(O64*R64,0) -> 3382 | Z64: =ROUND(Y64*S64*AF64,0) -> 2705 | AA64: =ROUND(Y64*T64*AG64,0) -> 2415 | AB64: =ROUND(Y64*U64*AH64,0) -> 1610 | AC64: =ROUND(Y64*V64*AI64,0) -> 2093 | AD64: =ROUND(Y64*W64*AJ64,0) -> 1288 | AE64: =ROUND(Y64*X64*AK64,0) -> 1449 | AF64: 0.85 | AG64: 0.75 | AH64: 0.5 | AI64: 0.65 | AJ64: 0.4 | AK64: 0.45 | AL64: 需提供零線(N)-白線 採用86底盒安裝(智崴提供)
A65: (停產) | B65: 一般 | C65: T30W1Z | D65: 經典一開開關 | E65: 顆 | F65: 尺寸：90 * 86 * 38mm 電氣參數：AC250V，50 / 60Hz 工作溫度：-20〜60℃，-4〜140°F 最大限度。負載：600W | G65: /uploads/product_images/T30W1Z.png | H65: USD | I65: 32.5 | J65: 17.94 | K65: =IFERROR(VLOOKUP(C65,[1]智慧家庭產品價格表.含稅!C:S,17,FALSE),0) -> 1 | L65: 13 | M65: =ROUND(IF(L65<1,(J65+K65)*L65+(J65+K65),(J65+K65)*(L65/100)+(J65+K65)),2) -> 21.4 | N65: 20 | O65: =ROUND(M65*I65+N65,0) -> 716 | P65: 262 | Q65: 714 | R65: 3.82 | S65: 0.941 | T65: 0.952 | U65: 0.952 | V65: 0.952 | W65: 0.952 | X65: 0.952 | Y65: =ROUND(O65*R65,0) -> 2735 | Z65: =ROUND(Y65*S65*AF65,0) -> 2188 | AA65: =ROUND(Y65*T65*AG65,0) -> 1953 | AB65: =ROUND(Y65*U65*AH65,0) -> 1302 | AC65: =ROUND(Y65*V65*AI65,0) -> 1692 | AD65: =ROUND(Y65*W65*AJ65,0) -> 1041 | AE65: =ROUND(Y65*X65*AK65,0) -> 1172 | AF65: 0.85 | AG65: 0.75 | AH65: 0.5 | AI65: 0.65 | AJ65: 0.4 | AK65: 0.45 | AL65: 需提供零線(N)-白線 採用86底盒安裝(智崴提供)
A66: (停產) | B66: 一般 | C66: T30W2Z | D66: 經典二開開關 | E66: 顆 | F66: 尺寸：90 * 86 * 38mm 電氣參數：AC250V，50 / 60Hz 工作溫度：-20〜60℃，-4〜140°F 最大限度。負載：600W (每迴路) | G66: /uploads/product_images/T30W2Z.png | H66: USD | I66: 32.5 | J66: 19.45 | K66: =IFERROR(VLOOKUP(C66,[1]智慧家庭產品價格表.含稅!C:S,17,FALSE),0) -> 1 | L66: 13 | M66: =ROUND(IF(L66<1,(J66+K66)*L66+(J66+K66),(J66+K66)*(L66/100)+(J66+K66)),2) -> 23.11 | N66: 20 | O66: =ROUND(M66*I66+N66,0) -> 771 | P66: 262 | Q66: 714 | R66: 4.386 | S66: 0.941 | T66: 0.952 | U66: 0.952 | V66: 0.952 | W66: 0.952 | X66: 0.952 | Y66: =ROUND(O66*R66,0) -> 3382 | Z66: =ROUND(Y66*S66*AF66,0) -> 2705 | AA66: =ROUND(Y66*T66*AG66,0) -> 2415 | AB66: =ROUND(Y66*U66*AH66,0) -> 1610 | AC66: =ROUND(Y66*V66*AI66,0) -> 2093 | AD66: =ROUND(Y66*W66*AJ66,0) -> 1288 | AE66: =ROUND(Y66*X66*AK66,0) -> 1449 | AF66: 0.85 | AG66: 0.75 | AH66: 0.5 | AI66: 0.65 | AJ66: 0.4 | AK66: 0.45 | AL66: 需提供零線(N)-白線 採用86底盒安裝(智崴提供)
A67: (停產) | B67: 一般 | C67: T30W3Z | D67: 經典三開開關 | E67: 顆 | F67: 尺寸：90 * 86 * 38mm 電氣參數：AC250V，50 / 60Hz 工作溫度：-20〜60℃，-4〜140°F 最大限度。負載：200W (每迴路) | G67: /uploads/product_images/T30W3Z.png | H67: USD | I67: 32.5 | J67: 20.96 | K67: =IFERROR(VLOOKUP(C67,[1]智慧家庭產品價格表.含稅!C:S,17,FALSE),0) -> 1 | L67: 13 | M67: =ROUND(IF(L67<1,(J67+K67)*L67+(J67+K67),(J67+K67)*(L67/100)+(J67+K67)),2) -> 24.81 | N67: 20 | O67: =ROUND(M67*I67+N67,0) -> 826 | P67: 262 | Q67: 714 | R67: 4.094 | S67: 0.941 | T67: 0.952 | U67: 0.952 | V67: 0.952 | W67: 0.952 | X67: 0.952 | Y67: =ROUND(O67*R67,0) -> 3382 | Z67: =ROUND(Y67*S67*AF67,0) -> 2705 | AA67: =ROUND(Y67*T67*AG67,0) -> 2415 | AB67: =ROUND(Y67*U67*AH67,0) -> 1610 | AC67: =ROUND(Y67*V67*AI67,0) -> 2093 | AD67: =ROUND(Y67*W67*AJ67,0) -> 1288 | AE67: =ROUND(Y67*X67*AK67,0) -> 1449 | AF67: 0.85 | AG67: 0.75 | AH67: 0.5 | AI67: 0.65 | AJ67: 0.4 | AK67: 0.45 | AL67: 需提供零線(N)-白線 採用86底盒安裝(智崴提供)
A68: (停產) | B68: 一般 | C68: TL-D-04 | D68: Wifi 分享器 TP-link Mesh | E68: 台 | G68: /uploads/product_images/TL-D-04.jpeg | H68: USD | I68: 32.5 | J68: 58 | K68: =IFERROR(VLOOKUP(C68,[1]智慧家庭產品價格表.含稅!C:S,17,FALSE),0) -> 4 | L68: 13 | M68: =ROUND(IF(L68<1,(J68+K68)*L68+(J68+K68),(J68+K68)*(L68/100)+(J68+K68)),2) -> 70.06 | N68: 0 | O68: =ROUND(M68*I68+N68,0) -> 2277 | P68: 315 | Q68: 1575 | R68: 1.494 | S68: 1.176 | T68: 1.079 | U68: 1.618 | V68: 1.245 | W68: 2.022 | X68: 1.798 | Y68: =ROUND(O68*R68,0) -> 3402 | Z68: =ROUND(Y68*S68*AF68,0) -> 3401 | AA68: =ROUND(Y68*T68*AG68,0) -> 2753 | AB68: =ROUND(Y68*U68*AH68,0) -> 2752 | AC68: =ROUND(Y68*V68*AI68,0) -> 2753 | AD68: =ROUND(Y68*W68*AJ68,0) -> 2752 | AE68: =ROUND(Y68*X68*AK68,0) -> 2753 | AF68: 0.85 | AG68: 0.75 | AH68: 0.5 | AI68: 0.65 | AJ68: 0.4 | AK68: 0.45
A69: (停產) | B69: 一般 | C69: V36X | D69: MixPAD Mini C2(L / N版本) | E69: 台 | F69: 電源供應器：AC100-240V，50/60Hz L&N連接 顏色: 白色 尺寸：86*86*35.8mm 內建開關：2組 最大負載：<150W/迴​​路LED | G69: /uploads/product_images/V36X.png | H69: USD | I69: 32.5 | J69: 87 | K69: =IFERROR(VLOOKUP(C69,[1]智慧家庭產品價格表.含稅!C:S,17,FALSE),0) -> 6 | L69: 13 | M69: =ROUND(IF(L69<1,(J69+K69)*L69+(J69+K69),(J69+K69)*(L69/100)+(J69+K69)),2) -> 105.09 | N69: 75 | O69: =ROUND(M69*I69+N69,0) -> 3490 | P69: 210 | Q69: 525 | R69: 3.25 | S69: 0.941 | T69: 0.952 | U69: 0.952 | V69: 0.952 | W69: 0.952 | X69: 0.952 | Y69: =ROUND(O69*R69,0) -> 11343 | Z69: =ROUND(Y69*S69*AF69,0) -> 9073 | AA69: =ROUND(Y69*T69*AG69,0) -> 8099 | AB69: =ROUND(Y69*U69*AH69,0) -> 5399 | AC69: =ROUND(Y69*V69*AI69,0) -> 7019 | AD69: =ROUND(Y69*W69*AJ69,0) -> 4319 | AE69: =ROUND(Y69*X69*AK69,0) -> 4859 | AF69: 0.85 | AG69: 0.75 | AH69: 0.5 | AI69: 0.65 | AJ69: 0.4 | AK69: 0.45
A70: (停產) | B70: 一般 | C70: V5-W | D70: 智慧門鎖V5(木) | E70: 把 | G70: /uploads/product_images/V5-W.png | H70: USD | I70: 32.5 | J70: 285.71429 | K70: =IFERROR(VLOOKUP(C70,[1]智慧家庭產品價格表.含稅!C:S,17,FALSE),0) -> 15 | L70: 13 | M70: =ROUND(IF(L70<1,(J70+K70)*L70+(J70+K70),(J70+K70)*(L70/100)+(J70+K70)),2) -> 339.81 | N70: 896 | O70: =ROUND(M70*I70+N70,0) -> 11940 | P70: 472 | Q70: 315 | R70: 3.261 | S70: 0.941 | T70: 0.952 | U70: 0.952 | V70: 0.952 | W70: 0.952 | X70: 0.952 | Y70: =ROUND(O70*R70,0) -> 38936 | Z70: =ROUND(Y70*S70*AF70,0) -> 31143 | AA70: =ROUND(Y70*T70*AG70,0) -> 27800 | AB70: =ROUND(Y70*U70*AH70,0) -> 18534 | AC70: =ROUND(Y70*V70*AI70,0) -> 24094 | AD70: =ROUND(Y70*W70*AJ70,0) -> 14827 | AE70: =ROUND(Y70*X70*AK70,0) -> 16680 | AF70: 0.85 | AG70: 0.75 | AH70: 0.5 | AI70: 0.65 | AJ70: 0.4 | AK70: 0.45
A71: (停產) | B71: 一般 | C71: W10 | D71: 電動窗簾馬達與軌道含3米內軌道 | E71: 組 | F71: 尺寸：40*40*320mm 電源供應器：AC100-240V 50/60Hz 無線協定：Wi-Fi 窗簾桿長度：1.7M-3M | G71: /uploads/product_images/W10.png | H71: USD | I71: 32.5 | J71: 38 | K71: =IFERROR(VLOOKUP(C71,[1]智慧家庭產品價格表.含稅!C:S,17,FALSE),0) -> 7 | L71: 13 | M71: =ROUND(IF(L71<1,(J71+K71)*L71+(J71+K71),(J71+K71)*(L71/100)+(J71+K71)),2) -> 50.85 | N71: 3000 | O71: =ROUND(M71*I71+N71,0) -> 4653 | P71: 1050 | Q71: 315 | R71: 3.318 | S71: 0.941 | T71: 0.952 | U71: 0.952 | V71: 0.952 | W71: 0.952 | X71: 0.952 | Y71: =ROUND(O71*R71,0) -> 15439 | Z71: =ROUND(Y71*S71*AF71,0) -> 12349 | AA71: =ROUND(Y71*T71*AG71,0) -> 11023 | AB71: =ROUND(Y71*U71*AH71,0) -> 7349 | AC71: =ROUND(Y71*V71*AI71,0) -> 9554 | AD71: =ROUND(Y71*W71*AJ71,0) -> 5879 | AE71: =ROUND(Y71*X71*AK71,0) -> 6614 | AF71: 0.85 | AG71: 0.75 | AH71: 0.5 | AI71: 0.65 | AJ71: 0.4 | AK71: 0.45 | AL71: 需提供110V插座
A72: (停產) | B72: 一般 | C72: W10G | D72: W10電動馬達軌道 | E72: 組 | F72: 300*260 尚飛2.2mm加厚軌道 | H72: TWD | I72: 32.5 | J72: 0 | K72: =IFERROR(VLOOKUP(C72,[1]智慧家庭產品價格表.含稅!C:S,17,FALSE),0) -> 0 | L72: 13 | M72: =ROUND(IF(L72<1,(J72+K72)*L72+(J72+K72),(J72+K72)*(L72/100)+(J72+K72)),2) -> 0 | N72: 0 | O72: =ROUND(M72*I72+N72,0) -> 0 | P72: 0 | Q72: 0 | R72: 1 | S72: 1.235 | T72: #DIV/0! | U72: #DIV/0! | V72: #DIV/0! | W72: #DIV/0! | X72: 1.482 | Y72: =ROUND(O72*R72,0) -> 0 | Z72: =ROUND(Y72*S72*AF72,0) -> 0 | AA72: =ROUND(Y72*T72*AG72,0) -> #DIV/0! | AB72: =ROUND(Y72*U72*AH72,0) -> #DIV/0! | AC72: =ROUND(Y72*V72*AI72,0) -> #DIV/0! | AD72: =ROUND(Y72*W72*AJ72,0) -> #DIV/0! | AE72: =ROUND(Y72*X72*AK72,0) -> 0 | AF72: 0.85 | AG72: 0.75 | AH72: 0.5 | AI72: 0.65 | AJ72: 0.4 | AK72: 0.45
A73: (停產) | B73: 一般 | C73: W1218 | D73: W10電動馬達伸縮軌道1218 | E73: 組 | F73: 1.2-1.8m 伸縮軌道 | H73: TWD | I73: 32.5 | J73: 0 | K73: =IFERROR(VLOOKUP(C73,[1]智慧家庭產品價格表.含稅!C:S,17,FALSE),0) -> 0 | L73: 13 | M73: =ROUND(IF(L73<1,(J73+K73)*L73+(J73+K73),(J73+K73)*(L73/100)+(J73+K73)),2) -> 0 | N73: 0 | O73: =ROUND(M73*I73+N73,0) -> 0 | P73: 0 | Q73: 0 | R73: 1 | S73: 1.235 | T73: #DIV/0! | U73: #DIV/0! | V73: #DIV/0! | W73: #DIV/0! | X73: 1.481 | Y73: =ROUND(O73*R73,0) -> 0 | Z73: =ROUND(Y73*S73*AF73,0) -> 0 | AA73: =ROUND(Y73*T73*AG73,0) -> #DIV/0! | AB73: =ROUND(Y73*U73*AH73,0) -> #DIV/0! | AC73: =ROUND(Y73*V73*AI73,0) -> #DIV/0! | AD73: =ROUND(Y73*W73*AJ73,0) -> #DIV/0! | AE73: =ROUND(Y73*X73*AK73,0) -> 0 | AF73: 0.85 | AG73: 0.75 | AH73: 0.5 | AI73: 0.65 | AJ73: 0.4 | AK73: 0.45
A74: (停產) | B74: 一般 | C74: W1830 | D74: W10電動馬達伸縮軌道1830 | E74: 組 | F74: 1.8-3m 伸縮軌道 | H74: TWD | I74: 32.5 | J74: 0 | K74: =IFERROR(VLOOKUP(C74,[1]智慧家庭產品價格表.含稅!C:S,17,FALSE),0) -> 0 | L74: 13 | M74: =ROUND(IF(L74<1,(J74+K74)*L74+(J74+K74),(J74+K74)*(L74/100)+(J74+K74)),2) -> 0 | N74: 0 | O74: =ROUND(M74*I74+N74,0) -> 0 | P74: 0 | Q74: 0 | R74: 1 | S74: 1.235 | T74: #DIV/0! | U74: #DIV/0! | V74: #DIV/0! | W74: #DIV/0! | X74: 1.481 | Y74: =ROUND(O74*R74,0) -> 0 | Z74: =ROUND(Y74*S74*AF74,0) -> 0 | AA74: =ROUND(Y74*T74*AG74,0) -> #DIV/0! | AB74: =ROUND(Y74*U74*AH74,0) -> #DIV/0! | AC74: =ROUND(Y74*V74*AI74,0) -> #DIV/0! | AD74: =ROUND(Y74*W74*AJ74,0) -> #DIV/0! | AE74: =ROUND(Y74*X74*AK74,0) -> 0 | AF74: 0.85 | AG74: 0.75 | AH74: 0.5 | AI74: 0.65 | AJ74: 0.4 | AK74: 0.45
A75: (停產) | B75: 一般 | C75: W2340 | D75: W10電動馬達伸縮軌道2340 | E75: 組 | F75: 2.3-4m 伸縮軌道 | H75: TWD | I75: 32.5 | J75: 0 | K75: =IFERROR(VLOOKUP(C75,[1]智慧家庭產品價格表.含稅!C:S,17,FALSE),0) -> 0 | L75: 13 | M75: =ROUND(IF(L75<1,(J75+K75)*L75+(J75+K75),(J75+K75)*(L75/100)+(J75+K75)),2) -> 0 | N75: 0 | O75: =ROUND(M75*I75+N75,0) -> 0 | P75: 0 | Q75: 0 | R75: 1 | S75: 1.235 | T75: #DIV/0! | U75: #DIV/0! | V75: #DIV/0! | W75: #DIV/0! | X75: 1.481 | Y75: =ROUND(O75*R75,0) -> 0 | Z75: =ROUND(Y75*S75*AF75,0) -> 0 | AA75: =ROUND(Y75*T75*AG75,0) -> #DIV/0! | AB75: =ROUND(Y75*U75*AH75,0) -> #DIV/0! | AC75: =ROUND(Y75*V75*AI75,0) -> #DIV/0! | AD75: =ROUND(Y75*W75*AJ75,0) -> #DIV/0! | AE75: =ROUND(Y75*X75*AK75,0) -> 0 | AF75: 0.85 | AG75: 0.75 | AH75: 0.5 | AI75: 0.65 | AJ75: 0.4 | AK75: 0.45
A76: (停產) | B76: 一般 | C76: W2545 | D76: W10電動馬達伸縮軌道2545 | E76: 組 | F76: 2.5-4.5m 伸縮軌道 | H76: TWD | I76: 32.5 | J76: 0 | K76: =IFERROR(VLOOKUP(C76,[1]智慧家庭產品價格表.含稅!C:S,17,FALSE),0) -> 0 | L76: 13 | M76: =ROUND(IF(L76<1,(J76+K76)*L76+(J76+K76),(J76+K76)*(L76/100)+(J76+K76)),2) -> 0 | N76: 0 | O76: =ROUND(M76*I76+N76,0) -> 0 | P76: 0 | Q76: 0 | R76: 1 | S76: 1.235 | T76: #DIV/0! | U76: #DIV/0! | V76: #DIV/0! | W76: #DIV/0! | X76: 1.481 | Y76: =ROUND(O76*R76,0) -> 0 | Z76: =ROUND(Y76*S76*AF76,0) -> 0 | AA76: =ROUND(Y76*T76*AG76,0) -> #DIV/0! | AB76: =ROUND(Y76*U76*AH76,0) -> #DIV/0! | AC76: =ROUND(Y76*V76*AI76,0) -> #DIV/0! | AD76: =ROUND(Y76*W76*AJ76,0) -> #DIV/0! | AE76: =ROUND(Y76*X76*AK76,0) -> 0 | AF76: 0.85 | AG76: 0.75 | AH76: 0.5 | AI76: 0.65 | AJ76: 0.4 | AK76: 0.45
A77: 主機 | B77: 一般 | C77: GV10 | D77: 旋鈕面板 Gauss smart knob Control Panel | E77: 台 | F77: 型號：GV10 尺寸：86*86*38.4mm 輸入：220V~，50Hz 電源供應：L&N連接 燈具負載類型：LED/白熾燈/CFL 負載：L1/L2<400W/每切 協定：WiFi 2.4GHz/5GHz、藍牙、RS-485、Zigbee 操作環境：溫度0~45°C，濕度<90%Rh | G77: /uploads/product_images/GV10.jpeg | H77: USD | I77: 32.5 | J77: 110 | K77: =IFERROR(VLOOKUP(C77,[1]智慧家庭產品價格表.含稅!C:S,17,FALSE),0) -> 6 | L77: 13 | M77: =ROUND(IF(L77<1,(J77+K77)*L77+(J77+K77),(J77+K77)*(L77/100)+(J77+K77)),2) -> 131.08 | N77: 75 | O77: =ROUND(M77*I77+N77,0) -> 4335 | P77: 210 | Q77: 525 | R77: 3.579 | S77: 0.941 | T77: 0.952 | U77: 0.952 | V77: 0.952 | W77: 0.952 | X77: 0.952 | Y77: =ROUND(O77*R77,0) -> 15515 | Z77: =ROUND(Y77*S77*AF77,0) -> 12410 | AA77: =ROUND(Y77*T77*AG77,0) -> 11078 | AB77: =ROUND(Y77*U77*AH77,0) -> 7385 | AC77: =ROUND(Y77*V77*AI77,0) -> 9601 | AD77: =ROUND(Y77*W77*AJ77,0) -> 5908 | AE77: =ROUND(Y77*X77*AK77,0) -> 6647 | AF77: 0.85 | AG77: 0.75 | AH77: 0.5 | AI77: 0.65 | AJ77: 0.4 | AK77: 0.45
A78: 主機 | B78: 一般 | C78: T54W3W | D78: Mixpad 精靈 （零火版）白色（不帶閘道） | E78: 顆 | F78: 電源輸入1: Type-C, 5V - 1A 電源輸入2：110V電源插座(內建插入式插頭) 顏色 : 灰 / 白 通訊協議：藍芽、ZigBee、WiFi與IR (此版本暫時限定品牌，無法複製內碼) 語系：部分繁中/部分簡中 | G78: /uploads/product_images/T54W3W.png | H78: USD | I78: 32.5 | J78: 41.142857 | K78: =IFERROR(VLOOKUP(C78,[1]智慧家庭產品價格表.含稅!C:S,17,FALSE),0) -> 2 | L78: 13 | M78: =ROUND(IF(L78<1,(J78+K78)*L78+(J78+K78),(J78+K78)*(L78/100)+(J78+K78)),2) -> 48.75 | N78: 100 | O78: =ROUND(M78*I78+N78,0) -> 1684 | P78: 262 | Q78: 714 | R78: 5.027 | S78: 0.941 | T78: 0.952 | U78: 0.952 | V78: 0.952 | W78: 0.952 | X78: 0.952 | Y78: =ROUND(O78*R78,0) -> 8465 | Z78: =ROUND(Y78*S78*AF78,0) -> 6771 | AA78: =ROUND(Y78*T78*AG78,0) -> 6044 | AB78: =ROUND(Y78*U78*AH78,0) -> 4029 | AC78: =ROUND(Y78*V78*AI78,0) -> 5238 | AD78: =ROUND(Y78*W78*AJ78,0) -> 3223 | AE78: =ROUND(Y78*X78*AK78,0) -> 3626 | AF78: 0.85 | AG78: 0.75 | AH78: 0.5 | AI78: 0.65 | AJ78: 0.4 | AK78: 0.45
A79: 主機 | B79: 一般 | C79: V20X | D79: Zigbee 多合一超級面板 （L&N 連接） | E79: 台 | F79: 電源供應：AC220V 顏色：灰色 螢幕尺寸：4 寸 內建開關：2切，200W/每迴 | G79: /uploads/product_images/V20X.png | H79: USD | I79: 32.5 | J79: 112 | K79: =IFERROR(VLOOKUP(C79,[1]智慧家庭產品價格表.含稅!C:S,17,FALSE),0) -> 6 | L79: 13 | M79: =ROUND(IF(L79<1,(J79+K79)*L79+(J79+K79),(J79+K79)*(L79/100)+(J79+K79)),2) -> 133.34 | N79: 75 | O79: =ROUND(M79*I79+N79,0) -> 4409 | P79: 210 | Q79: 525 | R79: 3.362 | S79: 0.941 | T79: 0.952 | U79: 0.952 | V79: 0.952 | W79: 0.952 | X79: 0.952 | Y79: =ROUND(O79*R79,0) -> 14823 | Z79: =ROUND(Y79*S79*AF79,0) -> 11856 | AA79: =ROUND(Y79*T79*AG79,0) -> 10584 | AB79: =ROUND(Y79*U79*AH79,0) -> 7056 | AC79: =ROUND(Y79*V79*AI79,0) -> 9172 | AD79: =ROUND(Y79*W79*AJ79,0) -> 5645 | AE79: =ROUND(Y79*X79*AK79,0) -> 6350 | AF79: 0.85 | AG79: 0.75 | AH79: 0.5 | AI79: 0.65 | AJ79: 0.4 | AK79: 0.45 | AL79: 需提供110V或220V電源 採用86底盒安裝(智崴提供)
A80: 主機 | B80: 一般 | C80: V38X | D80: MixPAD Mini M2 白 (L / N版本) | E80: 台 | F80: 電源供應：AC100-240V, 50/60Hz L&N連接 顏色：白色 尺寸：86*86*35.8mm 內建開關：4切 最大負載：1/2每迴，400W/每迴；3/4每迴，200W/每迴 | G80: /uploads/product_images/V38X.png | H80: USD | I80: 32.5 | J80: 107 | K80: 2 | L80: 13 | M80: =ROUND(IF(L80<1,(J80+K80)*L80+(J80+K80),(J80+K80)*(L80/100)+(J80+K80)),2) -> 123.17 | N80: 75 | O80: =ROUND(M80*I80+N80,0) -> 4078 | P80: 210 | Q80: 525 | R80: 3.361 | S80: 0.941 | T80: 0.952 | U80: 0.952 | V80: 0.952 | W80: 0.952 | X80: 0.952 | Y80: =ROUND(O80*R80,0) -> 13706 | Z80: =ROUND(Y80*S80*AF80,0) -> 10963 | AA80: =ROUND(Y80*T80*AG80,0) -> 9786 | AB80: =ROUND(Y80*U80*AH80,0) -> 6524 | AC80: =ROUND(Y80*V80*AI80,0) -> 8481 | AD80: =ROUND(Y80*W80*AJ80,0) -> 5219 | AE80: =ROUND(Y80*X80*AK80,0) -> 5872 | AF80: 0.85 | AG80: 0.75 | AH80: 0.5 | AI80: 0.65 | AJ80: 0.4 | AK80: 0.45 | AL80: 需提供110V或220V電源 採用86底盒安裝(智崴提供)
A81: 主機 | B81: 一般 | C81: V65X | D81: MixPad X | E81: 台 | F81: 電源供應器：AC100-240V，50/60Hz L&N連接 顏色：黑色 尺寸：317.1*154.7*40.7mm 螢幕尺寸：12.3英寸 內建開關：2組 最大負載：600W/迴路 | G81: /uploads/product_images/V65X.png | H81: USD | I81: 32.5 | J81: 440 | K81: =IFERROR(VLOOKUP(C81,[1]智慧家庭產品價格表.含稅!C:S,17,FALSE),0) -> 6 | L81: 13 | M81: =ROUND(IF(L81<1,(J81+K81)*L81+(J81+K81),(J81+K81)*(L81/100)+(J81+K81)),2) -> 503.98 | N81: 77 | O81: =ROUND(M81*I81+N81,0) -> 16456 | P81: 210 | Q81: 525 | R81: 2.616 | S81: 1.117 | T81: 1.143 | U81: 1.238 | V81: 1.172 | W81: 1.309 | X81: 1.269 | Y81: =ROUND(O81*R81,0) -> 43049 | Z81: =ROUND(Y81*S81*AF81,0) -> 40873 | AA81: =ROUND(Y81*T81*AG81,0) -> 36904 | AB81: =ROUND(Y81*U81*AH81,0) -> 26647 | AC81: =ROUND(Y81*V81*AI81,0) -> 32795 | AD81: =ROUND(Y81*W81*AJ81,0) -> 22540 | AE81: =ROUND(Y81*X81*AK81,0) -> 24583 | AF81: 0.85 | AG81: 0.75 | AH81: 0.5 | AI81: 0.65 | AJ81: 0.4 | AK81: 0.45 | AL81: 需提供110V或220V電源 採用86底盒安裝(智崴提供)
A82: 主機 | B82: 一般 | C82: V70X | D82: MixPad D1 | E82: 台 | F82: 電源供應器：AC100-120V，60Hz 尺寸：4.12 x 1.75 x 1.80 英寸 L&N連接 協定：2.4GHz Wi-Fi、藍牙4.0 螢幕尺寸：1.9英寸 最大負載：250W INC/HAL 120W LED/CFL 250W MLV/ELV | G82: /uploads/product_images/V70X.jpeg | H82: USD | I82: 32.5 | J82: 65 | K82: =IFERROR(VLOOKUP(C82,[1]智慧家庭產品價格表.含稅!C:S,17,FALSE),0) -> 6 | L82: 13 | M82: =ROUND(IF(L82<1,(J82+K82)*L82+(J82+K82),(J82+K82)*(L82/100)+(J82+K82)),2) -> 80.23 | N82: 75 | O82: =ROUND(M82*I82+N82,0) -> 2682 | P82: 210 | Q82: 525 | R82: 3.605 | S82: 0.941 | T82: 0.952 | U82: 0.952 | V82: 0.952 | W82: 0.952 | X82: 0.952 | Y82: =ROUND(O82*R82,0) -> 9669 | Z82: =ROUND(Y82*S82*AF82,0) -> 7734 | AA82: =ROUND(Y82*T82*AG82,0) -> 6904 | AB82: =ROUND(Y82*U82*AH82,0) -> 4602 | AC82: =ROUND(Y82*V82*AI82,0) -> 5983 | AD82: =ROUND(Y82*W82*AJ82,0) -> 3682 | AE82: =ROUND(Y82*X82*AK82,0) -> 4142 | AF82: 0.85 | AG82: 0.75 | AH82: 0.5 | AI82: 0.65 | AJ82: 0.4 | AK82: 0.45
A83: 主機 | B83: 一般 | C83: V80X | D83: MixPad 7 L&N | E83: 台 | F83: 電源供應器：AC100-240V，50/60Hz L&N連接 顏色：黑色 尺寸：177.2×111.1×40.25毫米 螢幕尺寸：7英寸，1024 x 600P 內建開關：4位 最大負載：1/2迴路，400W/迴路； 3/4迴路，200W/迴路 | G83: /uploads/product_images/V80X.png | H83: USD | I83: 32.5 | J83: 239 | K83: =IFERROR(VLOOKUP(C83,[1]智慧家庭產品價格表.含稅!C:S,17,FALSE),0) -> 6 | L83: 13 | M83: =ROUND(IF(L83<1,(J83+K83)*L83+(J83+K83),(J83+K83)*(L83/100)+(J83+K83)),2) -> 276.85 | N83: 76 | O83: =ROUND(M83*I83+N83,0) -> 9074 | P83: 210 | Q83: 525 | R83: 3.563 | S83: 0.941 | T83: 0.952 | U83: 0.952 | V83: 0.952 | W83: 0.952 | X83: 0.952 | Y83: =ROUND(O83*R83,0) -> 32331 | Z83: =ROUND(Y83*S83*AF83,0) -> 25860 | AA83: =ROUND(Y83*T83*AG83,0) -> 23084 | AB83: =ROUND(Y83*U83*AH83,0) -> 15390 | AC83: =ROUND(Y83*V83*AI83,0) -> 20006 | AD83: =ROUND(Y83*W83*AJ83,0) -> 12312 | AE83: =ROUND(Y83*X83*AK83,0) -> 13851 | AF83: 0.85 | AG83: 0.75 | AH83: 0.5 | AI83: 0.65 | AJ83: 0.4 | AK83: 0.45 | AL83: 需提供110V或220V電源 採用86底盒安裝(智崴提供)
A84: 主機 | B84: 一般 | C84: VS20ZW | D84: Mini主機 | E84: 台 | F84: 尺寸：88*90*27mm 顏色：白色 外殼材質：PC 電源供應器：DC5V，1A，微型USB 工作溫度：0～40℃ | G84: /uploads/product_images/VS20ZW.png | H84: USD | I84: 32.5 | J84: 18 | K84: =IFERROR(VLOOKUP(C84,[1]智慧家庭產品價格表.含稅!C:S,17,FALSE),0) -> 2 | L84: 13 | M84: =ROUND(IF(L84<1,(J84+K84)*L84+(J84+K84),(J84+K84)*(L84/100)+(J84+K84)),2) -> 22.6 | N84: 100 | O84: =ROUND(M84*I84+N84,0) -> 835 | P84: 52 | Q84: 525 | R84: 4.53 | S84: 0.941 | T84: 0.952 | U84: 0.952 | V84: 0.952 | W84: 0.952 | X84: 0.952 | Y84: =ROUND(O84*R84,0) -> 3783 | Z84: =ROUND(Y84*S84*AF84,0) -> 3026 | AA84: =ROUND(Y84*T84*AG84,0) -> 2701 | AB84: =ROUND(Y84*U84*AH84,0) -> 1801 | AC84: =ROUND(Y84*V84*AI84,0) -> 2341 | AD84: =ROUND(Y84*W84*AJ84,0) -> 1441 | AE84: =ROUND(Y84*X84*AK84,0) -> 1621 | AF84: 0.85 | AG84: 0.75 | AH84: 0.5 | AI84: 0.65 | AJ84: 0.4 | AK84: 0.45 | AL84: 使用110V電源 需提供實體網路
A85: 安防設備 | B85: 一般 | C85: CGZ05010 | D85: 人體狀態偵測器 | E85: 顆 | F85: 電源供應器：AC100-240V 50Hz 尺寸：φ80*φ65*H45mm 開孔尺寸： φ68mm 檢測角度：<90° | G85: /uploads/product_images/CGZ05010.png | H85: USD | I85: 32.5 | J85: 44 | K85: =IFERROR(VLOOKUP(C85,[1]智慧家庭產品價格表.含稅!C:S,17,FALSE),0) -> 1 | L85: 13 | M85: =ROUND(IF(L85<1,(J85+K85)*L85+(J85+K85),(J85+K85)*(L85/100)+(J85+K85)),2) -> 50.85 | N85: 20 | O85: =ROUND(M85*I85+N85,0) -> 1673 | P85: 158 | Q85: 315 | R85: 2.709 | S85: 1.059 | T85: 1.079 | U85: 1.143 | V85: 1.098 | W85: 1.19 | X85: 1.164 | Y85: =ROUND(O85*R85,0) -> 4532 | Z85: =ROUND(Y85*S85*AF85,0) -> 4079 | AA85: =ROUND(Y85*T85*AG85,0) -> 3668 | AB85: =ROUND(Y85*U85*AH85,0) -> 2590 | AC85: =ROUND(Y85*V85*AI85,0) -> 3234 | AD85: =ROUND(Y85*W85*AJ85,0) -> 2157 | AE85: =ROUND(Y85*X85*AK85,0) -> 2374 | AF85: 0.85 | AG85: 0.75 | AH85: 0.5 | AI85: 0.65 | AJ85: 0.4 | AK85: 0.45 | AL85: 開孔尺寸70mm
A86: 安防設備 | B86: 一般 | C86: SE30 | D86: SOS無線緊急求救鈕-ZigBee | E86: 顆 | F86: 尺寸：φ50*16毫米 電源：DC3V（CR2032電池） 工作溫度：-10～50℃ | G86: /uploads/product_images/SE30.png | H86: USD | I86: 32.5 | J86: 12 | K86: =IFERROR(VLOOKUP(C86,[1]智慧家庭產品價格表.含稅!C:S,17,FALSE),0) -> 1 | L86: 13 | M86: =ROUND(IF(L86<1,(J86+K86)*L86+(J86+K86),(J86+K86)*(L86/100)+(J86+K86)),2) -> 14.69 | N86: 100 | O86: =ROUND(M86*I86+N86,0) -> 577 | P86: 52 | Q86: 315 | R86: 3.387 | S86: 1 | T86: 1.016 | U86: 1.048 | V86: 1.026 | W86: 1.071 | X86: 1.058 | Y86: =ROUND(O86*R86,0) -> 1954 | Z86: =ROUND(Y86*S86*AF86,0) -> 1661 | AA86: =ROUND(Y86*T86*AG86,0) -> 1489 | AB86: =ROUND(Y86*U86*AH86,0) -> 1024 | AC86: =ROUND(Y86*V86*AI86,0) -> 1303 | AD86: =ROUND(Y86*W86*AJ86,0) -> 837 | AE86: =ROUND(Y86*X86*AK86,0) -> 930 | AF86: 0.85 | AG86: 0.75 | AH86: 0.5 | AI86: 0.65 | AJ86: 0.4 | AK86: 0.45
A87: 安防設備 | B87: 一般 | C87: SG30 | D87: 燃氣感應器-ZigBee | E87: 顆 | F87: 尺寸：φ85*30mm 電源供應器：輸入AC220V，輸出：DC12V 備用電池：CR2032*1 待機電流：<150mA 檢測氣體：甲烷 | G87: /uploads/product_images/SG30.png | H87: USD | I87: 32.5 | J87: 22 | K87: =IFERROR(VLOOKUP(C87,[1]智慧家庭產品價格表.含稅!C:S,17,FALSE),0) -> 1 | L87: 13 | M87: =ROUND(IF(L87<1,(J87+K87)*L87+(J87+K87),(J87+K87)*(L87/100)+(J87+K87)),2) -> 25.99 | N87: 100 | O87: =ROUND(M87*I87+N87,0) -> 945 | P87: 52 | Q87: 315 | R87: 2.938 | S87: 0.941 | T87: 0.952 | U87: 0.952 | V87: 0.953 | W87: 0.953 | X87: 0.953 | Y87: =ROUND(O87*R87,0) -> 2776 | Z87: =ROUND(Y87*S87*AF87,0) -> 2220 | AA87: =ROUND(Y87*T87*AG87,0) -> 1982 | AB87: =ROUND(Y87*U87*AH87,0) -> 1321 | AC87: =ROUND(Y87*V87*AI87,0) -> 1720 | AD87: =ROUND(Y87*W87*AJ87,0) -> 1058 | AE87: =ROUND(Y87*X87*AK87,0) -> 1190 | AF87: 0.85 | AG87: 0.75 | AH87: 0.5 | AI87: 0.65 | AJ87: 0.4 | AK87: 0.45
A88: 安防設備 | B88: 一般 | C88: SM20 | D88: 門窗磁感應器-ZigBee | E88: 顆 | F88: 發射尺寸：52.6*26.5*13.8mm 磁鐵尺寸：25.5*12.5*13mm 顏色：白色 電源：DC3V CR2032電池 工作溫度：-10～50℃ | G88: /uploads/product_images/SM20.png | H88: USD | I88: 32.5 | J88: 15 | K88: =IFERROR(VLOOKUP(C88,[1]智慧家庭產品價格表.含稅!C:S,17,FALSE),0) -> 1 | L88: 13 | M88: =ROUND(IF(L88<1,(J88+K88)*L88+(J88+K88),(J88+K88)*(L88/100)+(J88+K88)),2) -> 18.08 | N88: 100 | O88: =ROUND(M88*I88+N88,0) -> 688 | P88: 52 | Q88: 315 | R88: 3.328 | S88: 1 | T88: 1.016 | U88: 1.047 | V88: 1.025 | W88: 1.071 | X88: 1.058 | Y88: =ROUND(O88*R88,0) -> 2290 | Z88: =ROUND(Y88*S88*AF88,0) -> 1947 | AA88: =ROUND(Y88*T88*AG88,0) -> 1745 | AB88: =ROUND(Y88*U88*AH88,0) -> 1199 | AC88: =ROUND(Y88*V88*AI88,0) -> 1526 | AD88: =ROUND(Y88*W88*AJ88,0) -> 981 | AE88: =ROUND(Y88*X88*AK88,0) -> 1090 | AF88: 0.85 | AG88: 0.75 | AH88: 0.5 | AI88: 0.65 | AJ88: 0.4 | AK88: 0.45
A89: 安防設備 | B89: 一般 | C89: SN20 | D89: 人體感應器-ZigBee | E89: 顆 | F89: 尺寸：48.4*53.4mm 顏色：白色 電源：DC3V CR123A 工作溫度：-10～50℃ | G89: /uploads/product_images/SN20.png | H89: USD | I89: 32.5 | J89: 17 | K89: =IFERROR(VLOOKUP(C89,[1]智慧家庭產品價格表.含稅!C:S,17,FALSE),0) -> 1 | L89: 13 | M89: =ROUND(IF(L89<1,(J89+K89)*L89+(J89+K89),(J89+K89)*(L89/100)+(J89+K89)),2) -> 20.34 | N89: 100 | O89: =ROUND(M89*I89+N89,0) -> 761 | P89: 52 | Q89: 315 | R89: 3.325 | S89: 1 | T89: 1.015 | U89: 1.047 | V89: 1.025 | W89: 1.071 | X89: 1.058 | Y89: =ROUND(O89*R89,0) -> 2530 | Z89: =ROUND(Y89*S89*AF89,0) -> 2151 | AA89: =ROUND(Y89*T89*AG89,0) -> 1926 | AB89: =ROUND(Y89*U89*AH89,0) -> 1324 | AC89: =ROUND(Y89*V89*AI89,0) -> 1686 | AD89: =ROUND(Y89*W89*AJ89,0) -> 1084 | AE89: =ROUND(Y89*X89*AK89,0) -> 1205 | AF89: 0.85 | AG89: 0.75 | AH89: 0.5 | AI89: 0.65 | AJ89: 0.4 | AK89: 0.45
A90: 家電控制 | B90: 一般 | C90: Allone Pro | D90: 射頻控制器-WiFi版 (停產) | E90: 顆 | F90: 控制電視、空調、投影機等射頻及紅外線電器。 | G90: /uploads/product_images/Allone Pro.png | H90: USD | I90: 32.5 | J90: 13.02 | K90: =IFERROR(VLOOKUP(C90,[1]智慧家庭產品價格表.含稅!C:S,17,FALSE),0) -> 3 | L90: 13 | M90: =ROUND(IF(L90<1,(J90+K90)*L90+(J90+K90),(J90+K90)*(L90/100)+(J90+K90)),2) -> 18.1 | N90: 20 | O90: =ROUND(M90*I90+N90,0) -> 608 | P90: 262 | Q90: 315 | R90: 3.948 | S90: 0.941 | T90: 0.952 | U90: 0.952 | V90: 0.952 | W90: 0.952 | X90: 0.953 | Y90: =ROUND(O90*R90,0) -> 2400 | Z90: =ROUND(Y90*S90*AF90,0) -> 1920 | AA90: =ROUND(Y90*T90*AG90,0) -> 1714 | AB90: =ROUND(Y90*U90*AH90,0) -> 1142 | AC90: =ROUND(Y90*V90*AI90,0) -> 1485 | AD90: =ROUND(Y90*W90*AJ90,0) -> 914 | AE90: =ROUND(Y90*X90*AK90,0) -> 1029 | AF90: 0.85 | AG90: 0.75 | AH90: 0.5 | AI90: 0.65 | AJ90: 0.4 | AK90: 0.45
A91: 家電控制 | B91: 一般 | C91: CT20Z-B1GO | D91: Zigbee-IR遙控器 | E91: 顆 | F91: 電源：DC5V，1A，微型USB 尺寸：Φ110* 31mm 無線協議：zigbee 紅外頻率：2.4GHz 工作溫度：-20〜55℃ 控制紅外設備。 支援學習功能。無內建紅外線內碼。 | G91: /uploads/product_images/CT20Z-B1GO.jpeg | H91: USD | I91: 32.5 | J91: 25.85 | K91: =IFERROR(VLOOKUP(C91,[1]智慧家庭產品價格表.含稅!C:S,17,FALSE),0) -> 1 | L91: 13 | M91: =ROUND(IF(L91<1,(J91+K91)*L91+(J91+K91),(J91+K91)*(L91/100)+(J91+K91)),2) -> 30.34 | N91: 100 | O91: =ROUND(M91*I91+N91,0) -> 1086 | P91: 262 | Q91: 714 | R91: 3.679 | S91: 0.941 | T91: 0.952 | U91: 0.952 | V91: 0.952 | W91: 0.952 | X91: 0.952 | Y91: =ROUND(O91*R91,0) -> 3995 | Z91: =ROUND(Y91*S91*AF91,0) -> 3195 | AA91: =ROUND(Y91*T91*AG91,0) -> 2852 | AB91: =ROUND(Y91*U91*AH91,0) -> 1902 | AC91: =ROUND(Y91*V91*AI91,0) -> 2472 | AD91: =ROUND(Y91*W91*AJ91,0) -> 1521 | AE91: =ROUND(Y91*X91*AK91,0) -> 1711 | AF91: 0.85 | AG91: 0.75 | AH91: 0.5 | AI91: 0.65 | AJ91: 0.4 | AK91: 0.45
A92: 家電控制 | B92: 一般 | C92: CT30W | D92: 小圓遙控器 | E92: 顆 | F92: 電源供應器：DC5V，1A，微型USB 尺寸：φ66*42.5mm 無線標準：Wi-Fi 2.4GHz b/g/n | G92: /uploads/product_images/CT30W.png | H92: USD | I92: 32.5 | J92: 7.5 | K92: =IFERROR(VLOOKUP(C92,[1]智慧家庭產品價格表.含稅!C:S,17,FALSE),0) -> 1 | L92: 13 | M92: =ROUND(IF(L92<1,(J92+K92)*L92+(J92+K92),(J92+K92)*(L92/100)+(J92+K92)),2) -> 9.61 | N92: 100 | O92: =ROUND(M92*I92+N92,0) -> 412 | P92: 52 | Q92: 315 | R92: 4.326 | S92: 0.941 | T92: 0.952 | U92: 0.952 | V92: 0.952 | W92: 0.952 | X92: 0.953 | Y92: =ROUND(O92*R92,0) -> 1782 | Z92: =ROUND(Y92*S92*AF92,0) -> 1425 | AA92: =ROUND(Y92*T92*AG92,0) -> 1272 | AB92: =ROUND(Y92*U92*AH92,0) -> 848 | AC92: =ROUND(Y92*V92*AI92,0) -> 1103 | AD92: =ROUND(Y92*W92*AJ92,0) -> 679 | AE92: =ROUND(Y92*X92*AK92,0) -> 764 | AF92: 0.85 | AG92: 0.75 | AH92: 0.5 | AI92: 0.65 | AJ92: 0.4 | AK92: 0.45 | AL92: 需提供110V插座
A93: 家電控制 | B93: 一般 | C93: CV70ZW | D93: AirMaster Max | E93: 顆 | F93: 尺寸：105*86*35mm 電源：DC12V 工作溫度：0℃~40℃ 工作濕度：20%-85% | G93: /uploads/product_images/CV70ZW.jpeg | H93: USD | I93: 32.5 | J93: 266 | K93: =IFERROR(VLOOKUP(C93,[1]智慧家庭產品價格表.含稅!C:S,17,FALSE),0) -> 1 | L93: 13 | M93: =ROUND(IF(L93<1,(J93+K93)*L93+(J93+K93),(J93+K93)*(L93/100)+(J93+K93)),2) -> 301.71 | N93: 20 | O93: =ROUND(M93*I93+N93,0) -> 9826 | P93: 525 | Q93: 1260 | R93: 3.602 | S93: 0.941 | T93: 0.952 | U93: 0.952 | V93: 0.952 | W93: 0.952 | X93: 0.952 | Y93: =ROUND(O93*R93,0) -> 35393 | Z93: =ROUND(Y93*S93*AF93,0) -> 28309 | AA93: =ROUND(Y93*T93*AG93,0) -> 25271 | AB93: =ROUND(Y93*U93*AH93,0) -> 16847 | AC93: =ROUND(Y93*V93*AI93,0) -> 21901 | AD93: =ROUND(Y93*W93*AJ93,0) -> 13478 | AE93: =ROUND(Y93*X93*AK93,0) -> 15162 | AF93: 0.85 | AG93: 0.75 | AH93: 0.5 | AI93: 0.65 | AJ93: 0.4 | AK93: 0.45
A94: 控制器 | B94: 一般 | C94: CD10ZW | D94: 感應器控制盒 | E94: 顆 | F94: 尺寸：70*70*23mm 電氣參數：DC12V 工作溫度：-15～45℃ 最大限度。負載：1A（每環） | G94: /uploads/product_images/CD10ZW.png | H94: USD | I94: 32.5 | J94: 29.01 | K94: =IFERROR(VLOOKUP(C94,[1]智慧家庭產品價格表.含稅!C:S,17,FALSE),0) -> 1 | L94: 13 | M94: =ROUND(IF(L94<1,(J94+K94)*L94+(J94+K94),(J94+K94)*(L94/100)+(J94+K94)),2) -> 33.91 | N94: 20 | O94: =ROUND(M94*I94+N94,0) -> 1122 | P94: 262 | Q94: 315 | R94: 3.41 | S94: 1 | T94: 1.016 | U94: 1.048 | V94: 1.026 | W94: 1.072 | X94: 1.058 | Y94: =ROUND(O94*R94,0) -> 3826 | Z94: =ROUND(Y94*S94*AF94,0) -> 3252 | AA94: =ROUND(Y94*T94*AG94,0) -> 2915 | AB94: =ROUND(Y94*U94*AH94,0) -> 2005 | AC94: =ROUND(Y94*V94*AI94,0) -> 2552 | AD94: =ROUND(Y94*W94*AJ94,0) -> 1641 | AE94: =ROUND(Y94*X94*AK94,0) -> 1822 | AF94: 0.85 | AG94: 0.75 | AH94: 0.5 | AI94: 0.65 | AJ94: 0.4 | AK94: 0.45 | AL94: 需提供110V電源
A95: 控制器 | B95: 一般 | C95: CM10ZW | D95: 多功能控制盒 | E95: 顆 | F95: 尺寸：70*70*23mm 電氣參數：AC100V-240V，50/60Hz 工作溫度：-20～60℃ 最大限度。負載：1A（每環） | G95: /uploads/product_images/CM10ZW.png | H95: USD | I95: 32.5 | J95: 27 | K95: =IFERROR(VLOOKUP(C95,[1]智慧家庭產品價格表.含稅!C:S,17,FALSE),0) -> 1 | L95: 13 | M95: =ROUND(IF(L95<1,(J95+K95)*L95+(J95+K95),(J95+K95)*(L95/100)+(J95+K95)),2) -> 31.64 | N95: 20 | O95: =ROUND(M95*I95+N95,0) -> 1048 | P95: 262 | Q95: 315 | R95: 3.178 | S95: 1 | T95: 1.016 | U95: 1.047 | V95: 1.025 | W95: 1.071 | X95: 1.058 | Y95: =ROUND(O95*R95,0) -> 3331 | Z95: =ROUND(Y95*S95*AF95,0) -> 2831 | AA95: =ROUND(Y95*T95*AG95,0) -> 2538 | AB95: =ROUND(Y95*U95*AH95,0) -> 1744 | AC95: =ROUND(Y95*V95*AI95,0) -> 2219 | AD95: =ROUND(Y95*W95*AJ95,0) -> 1427 | AE95: =ROUND(Y95*X95*AK95,0) -> 1586 | AF95: 0.85 | AG95: 0.75 | AH95: 0.5 | AI95: 0.65 | AJ95: 0.4 | AK95: 0.45 | AL95: 需提供110V電源 被控制設備需有4線式乾接點控制線
A96: 智慧門鎖 | B96: 一般 | C96: C1 | D96: 智慧門鎖C1-WiFi版(國際) | E96: 把 | F96: 尺寸：352mm*70mm*67mm 電源：DC 6V（4顆AA電池） 應急電源：DC 5V，C型 支援門板厚度：40~120mm（標準：50~90mm) 工作溫度：-20～60℃ | G96: /uploads/product_images/C1.png | H96: USD | I96: 32.5 | J96: 94 | K96: =IFERROR(VLOOKUP(C96,[1]智慧家庭產品價格表.含稅!C:S,17,FALSE),0) -> 15 | L96: 13 | M96: =ROUND(IF(L96<1,(J96+K96)*L96+(J96+K96),(J96+K96)*(L96/100)+(J96+K96)),2) -> 123.17 | N96: 896 | O96: =ROUND(M96*I96+N96,0) -> 4899 | P96: 472 | Q96: 315 | R96: 2.885 | S96: 1 | T96: 1.016 | U96: 1.047 | V96: 1.025 | W96: 1.071 | X96: 1.058 | Y96: =ROUND(O96*R96,0) -> 14134 | Z96: =ROUND(Y96*S96*AF96,0) -> 12014 | AA96: =ROUND(Y96*T96*AG96,0) -> 10770 | AB96: =ROUND(Y96*U96*AH96,0) -> 7399 | AC96: =ROUND(Y96*V96*AI96,0) -> 9417 | AD96: =ROUND(Y96*W96*AJ96,0) -> 6055 | AE96: =ROUND(Y96*X96*AK96,0) -> 6729 | AF96: 0.85 | AG96: 0.75 | AH96: 0.5 | AI96: 0.65 | AJ96: 0.4 | AK96: 0.45
A97: 智慧門鎖 | B97: 一般 | C97: C1-70C | D97: C1 7cm 鎖夾 | E97: 個 | G97: /uploads/product_images/C1-70C.png | H97: USD | I97: 32.5 | J97: 29 | K97: =IFERROR(VLOOKUP(C97,[1]智慧家庭產品價格表.含稅!C:S,17,FALSE),0) -> 6 | L97: 13 | M97: =ROUND(IF(L97<1,(J97+K97)*L97+(J97+K97),(J97+K97)*(L97/100)+(J97+K97)),2) -> 39.55 | N97: 20 | O97: =ROUND(M97*I97+N97,0) -> 1305 | P97: 472 | Q97: 0 | R97: 0 | S97: #DIV/0! | T97: #DIV/0! | U97: #DIV/0! | V97: #DIV/0! | W97: #DIV/0! | X97: #DIV/0! | Y97: =ROUND(O97*R97,0) -> 0 | Z97: =ROUND(Y97*S97*AF97,0) -> #DIV/0! | AA97: =ROUND(Y97*T97*AG97,0) -> #DIV/0! | AB97: =ROUND(Y97*U97*AH97,0) -> #DIV/0! | AC97: =ROUND(Y97*V97*AI97,0) -> #DIV/0! | AD97: =ROUND(Y97*W97*AJ97,0) -> #DIV/0! | AE97: =ROUND(Y97*X97*AK97,0) -> #DIV/0! | AF97: 0.85 | AG97: 0.75 | AH97: 0.5 | AI97: 0.65 | AJ97: 0.4 | AK97: 0.45
A98: 智慧門鎖 | B98: 一般 | C98: SHOWCASE-C1 | D98: C1展示架 | E98: 座 | G98: /uploads/product_images/SHOWCASE-C1.png | H98: USD | I98: 32.5 | J98: 50 | K98: =IFERROR(VLOOKUP(C98,[1]智慧家庭產品價格表.含稅!C:S,17,FALSE),0) -> 3 | L98: 13 | M98: =ROUND(IF(L98<1,(J98+K98)*L98+(J98+K98),(J98+K98)*(L98/100)+(J98+K98)),2) -> 59.89 | N98: 0 | O98: =ROUND(M98*I98+N98,0) -> 1946 | P98: 0 | Q98: 0 | R98: 0 | S98: #DIV/0! | T98: #DIV/0! | U98: #DIV/0! | V98: #DIV/0! | W98: #DIV/0! | X98: #DIV/0! | Y98: =ROUND(O98*R98,0) -> 0 | Z98: =ROUND(Y98*S98*AF98,0) -> #DIV/0! | AA98: =ROUND(Y98*T98*AG98,0) -> #DIV/0! | AB98: =ROUND(Y98*U98*AH98,0) -> #DIV/0! | AC98: =ROUND(Y98*V98*AI98,0) -> #DIV/0! | AD98: =ROUND(Y98*W98*AJ98,0) -> #DIV/0! | AE98: =ROUND(Y98*X98*AK98,0) -> #DIV/0! | AF98: 0.85 | AG98: 0.75 | AH98: 0.5 | AI98: 0.65 | AJ98: 0.4 | AK98: 0.45
A99: 智慧門鎖 | B99: 一般 | C99: SHOWCASE-V5 | D99: V5展示架 | E99: 座 | H99: USD | I99: 32.5 | J99: 50 | K99: =IFERROR(VLOOKUP(C99,[1]智慧家庭產品價格表.含稅!C:S,17,FALSE),0) -> 3 | L99: 13 | M99: =ROUND(IF(L99<1,(J99+K99)*L99+(J99+K99),(J99+K99)*(L99/100)+(J99+K99)),2) -> 59.89 | N99: 0 | O99: =ROUND(M99*I99+N99,0) -> 1946 | P99: 0 | Q99: 0 | R99: 0 | S99: #DIV/0! | T99: #DIV/0! | U99: #DIV/0! | V99: #DIV/0! | W99: #DIV/0! | X99: #DIV/0! | Y99: =ROUND(O99*R99,0) -> 0 | Z99: =ROUND(Y99*S99*AF99,0) -> #DIV/0! | AA99: =ROUND(Y99*T99*AG99,0) -> #DIV/0! | AB99: =ROUND(Y99*U99*AH99,0) -> #DIV/0! | AC99: =ROUND(Y99*V99*AI99,0) -> #DIV/0! | AD99: =ROUND(Y99*W99*AJ99,0) -> #DIV/0! | AE99: =ROUND(Y99*X99*AK99,0) -> #DIV/0! | AF99: 0.85 | AG99: 0.75 | AH99: 0.5 | AI99: 0.65 | AJ99: 0.4 | AK99: 0.45
A100: 智慧門鎖 | B100: 一般 | C100: V5 | D100: 人臉辨識門鎖V5(黑) | E100: 把 | F100: 電源：鋰電池：DC 7.4V，乾電池：DC 9V 電池類型：5000mAh（7.4V）電池，6*AA電池（6顆/組） 緊急電源：DC 5V（Type C介面） 尺寸：室外及室內面板：403 * 70 * 56mm 開鎖方式：人臉辨識、指紋、密碼、卡片、Android手機NFC、遠端授權、視訊授權、MixPad開鎖、機械鑰匙 用戶：1 * 管理員、49 * 普通用戶、4 * 臨時用戶 | G100: /uploads/product_images/V5.jpeg | H100: USD | I100: 32.5 | J100: 293 | K100: =IFERROR(VLOOKUP(C100,[1]智慧家庭產品價格表.含稅!C:S,17,FALSE),0) -> 15 | L100: 13 | M100: =ROUND(IF(L100<1,(J100+K100)*L100+(J100+K100),(J100+K100)*(L100/100)+(J100+K100)),2) -> 348.04 | N100: 896 | O100: =ROUND(M100*I100+N100,0) -> 12207 | P100: 472 | Q100: 315 | R100: 3.106 | S100: 1 | T100: 1.016 | U100: 1.047 | V100: 1.025 | W100: 1.071 | X100: 1.058 | Y100: =ROUND(O100*R100,0) -> 37915 | Z100: =ROUND(Y100*S100*AF100,0) -> 32228 | AA100: =ROUND(Y100*T100*AG100,0) -> 28891 | AB100: =ROUND(Y100*U100*AH100,0) -> 19849 | AC100: =ROUND(Y100*V100*AI100,0) -> 25261 | AD100: =ROUND(Y100*W100*AJ100,0) -> 16243 | AE100: =ROUND(Y100*X100*AK100,0) -> 18051 | AF100: 0.85 | AG100: 0.75 | AH100: 0.5 | AI100: 0.65 | AJ100: 0.4 | AK100: 0.45
A101: 燈光控制 | B101: 一般 | C101: A10 | D101: 1-gang US WiFi on/off switch | E101: 顆 | F101: 尺寸：4.21*1.73*1.61 英寸 電源供應器：AC100-240V，50/60Hz 最大限度。負載：500W INC、250W LED 或 CFL | G101: /uploads/product_images/A10.jpeg | H101: USD | I101: 32.5 | J101: 15 | K101: =IFERROR(VLOOKUP(C101,[1]智慧家庭產品價格表.含稅!C:S,17,FALSE),0) -> 6 | L101: 13 | M101: =ROUND(IF(L101<1,(J101+K101)*L101+(J101+K101),(J101+K101)*(L101/100)+(J101+K101)),2) -> 23.73 | N101: 75 | O101: =ROUND(M101*I101+N101,0) -> 846 | P101: 210 | Q101: 525 | R101: 3.322 | S101: 0.941 | T101: 0.952 | U101: 0.952 | V101: 0.953 | W101: 0.953 | X101: 0.952 | Y101: =ROUND(O101*R101,0) -> 2810 | Z101: =ROUND(Y101*S101*AF101,0) -> 2248 | AA101: =ROUND(Y101*T101*AG101,0) -> 2006 | AB101: =ROUND(Y101*U101*AH101,0) -> 1338 | AC101: =ROUND(Y101*V101*AI101,0) -> 1741 | AD101: =ROUND(Y101*W101*AJ101,0) -> 1071 | AE101: =ROUND(Y101*X101*AK101,0) -> 1204 | AF101: 0.85 | AG101: 0.75 | AH101: 0.5 | AI101: 0.65 | AJ101: 0.4 | AK101: 0.45
A102: 燈光控制 | B102: 一般 | C102: A10 KIT | D102: 1-gang US WiFi switch + 1 remote switch | E102: 顆 | F102: 尺寸：4.21*1.73*1.61 英寸 電源供應器：AC100-240V，50/60Hz 最大限度。負載：500W INC、250W LED 或 CFL 尺寸：2.56*1.3*0.63 英寸 工作電壓：自供電DC3.3V | G102: /uploads/product_images/A10 KIT.jpeg | H102: USD | I102: 32.5 | J102: 24 | K102: =IFERROR(VLOOKUP(C102,[1]智慧家庭產品價格表.含稅!C:S,17,FALSE),0) -> 6 | L102: 13 | M102: =ROUND(IF(L102<1,(J102+K102)*L102+(J102+K102),(J102+K102)*(L102/100)+(J102+K102)),2) -> 33.9 | N102: 75 | O102: =ROUND(M102*I102+N102,0) -> 1177 | P102: 210 | Q102: 525 | R102: 3.373 | S102: 0.941 | T102: 0.952 | U102: 0.952 | V102: 0.952 | W102: 0.952 | X102: 0.952 | Y102: =ROUND(O102*R102,0) -> 3970 | Z102: =ROUND(Y102*S102*AF102,0) -> 3175 | AA102: =ROUND(Y102*T102*AG102,0) -> 2835 | AB102: =ROUND(Y102*U102*AH102,0) -> 1890 | AC102: =ROUND(Y102*V102*AI102,0) -> 2457 | AD102: =ROUND(Y102*W102*AJ102,0) -> 1512 | AE102: =ROUND(Y102*X102*AK102,0) -> 1701 | AF102: 0.85 | AG102: 0.75 | AH102: 0.5 | AI102: 0.65 | AJ102: 0.4 | AK102: 0.45
A103: 燈光控制 | B103: 一般 | C103: A11 KIT | D103: 1-gang US WiFi Dimmer switch + 1 remote switch | E103: 顆 | F103: 尺寸：4.21*1.73*1.61 英寸 電源供應器：AC100-120V，50/60Hz 最大限度。負載：300W INC、200W LED 或 CFL 尺寸：2.56*1.3*0.63 英寸 工作電壓：自供電DC3.3V | G103: /uploads/product_images/A11 KIT.jpeg | H103: USD | I103: 32.5 | J103: 27 | K103: =IFERROR(VLOOKUP(C103,[1]智慧家庭產品價格表.含稅!C:S,17,FALSE),0) -> 6 | L103: 13 | M103: =ROUND(IF(L103<1,(J103+K103)*L103+(J103+K103),(J103+K103)*(L103/100)+(J103+K103)),2) -> 37.29 | N103: 75 | O103: =ROUND(M103*I103+N103,0) -> 1287 | P103: 210 | Q103: 525 | R103: 3.385 | S103: 0.941 | T103: 0.952 | U103: 0.952 | V103: 0.952 | W103: 0.952 | X103: 0.953 | Y103: =ROUND(O103*R103,0) -> 4356 | Z103: =ROUND(Y103*S103*AF103,0) -> 3484 | AA103: =ROUND(Y103*T103*AG103,0) -> 3110 | AB103: =ROUND(Y103*U103*AH103,0) -> 2073 | AC103: =ROUND(Y103*V103*AI103,0) -> 2695 | AD103: =ROUND(Y103*W103*AJ103,0) -> 1659 | AE103: =ROUND(Y103*X103*AK103,0) -> 1868 | AF103: 0.85 | AG103: 0.75 | AH103: 0.5 | AI103: 0.65 | AJ103: 0.4 | AK103: 0.45
A104: 燈光控制 | B104: 一般 | C104: AH01 | D104: 歐規金屬入牆底盒 | E104: 個 | F104: 尺寸：89.6 x 86 毫米 | G104: /uploads/product_images/AH01.jpeg | H104: USD | I104: 32.5 | J104: 2 | K104: =IFERROR(VLOOKUP(C104,[1]智慧家庭產品價格表.含稅!C:S,17,FALSE),0) -> 0.6 | L104: 13 | M104: =ROUND(IF(L104<1,(J104+K104)*L104+(J104+K104),(J104+K104)*(L104/100)+(J104+K104)),2) -> 2.94 | N104: 0 | O104: =ROUND(M104*I104+N104,0) -> 96 | P104: 0 | Q104: 0 | R104: 0.698 | S104: 1.182 | T104: 1.074 | U104: 1.612 | V104: 1.24 | W104: 2.015 | X104: 1.8 | Y104: =ROUND(O104*R104,0) -> 67 | Z104: =ROUND(Y104*S104*AF104,0) -> 67 | AA104: =ROUND(Y104*T104*AG104,0) -> 54 | AB104: =ROUND(Y104*U104*AH104,0) -> 54 | AC104: =ROUND(Y104*V104*AI104,0) -> 54 | AD104: =ROUND(Y104*W104*AJ104,0) -> 54 | AE104: =ROUND(Y104*X104*AK104,0) -> 54 | AF104: 0.85 | AG104: 0.75 | AH104: 0.5 | AI104: 0.65 | AJ104: 0.4 | AK104: 0.45
A105: 燈光控制 | B105: 一般 | C105: CC10ZW | D105: RGB控制器 | E105: 顆 | F105: 尺寸：70*70*23mm 電氣參數：DC12V/DC24V 工作溫度：-20～60℃ 最大限度。負載：10A | G105: /uploads/product_images/CC10ZW.png | H105: USD | I105: 32.5 | J105: 25 | K105: =IFERROR(VLOOKUP(C105,[1]智慧家庭產品價格表.含稅!C:S,17,FALSE),0) -> 1 | L105: 13 | M105: =ROUND(IF(L105<1,(J105+K105)*L105+(J105+K105),(J105+K105)*(L105/100)+(J105+K105)),2) -> 29.38 | N105: 20 | O105: =ROUND(M105*I105+N105,0) -> 975 | P105: 262 | Q105: 315 | R105: 3.199 | S105: 1 | T105: 1.016 | U105: 1.048 | V105: 1.025 | W105: 1.072 | X105: 1.058 | Y105: =ROUND(O105*R105,0) -> 3119 | Z105: =ROUND(Y105*S105*AF105,0) -> 2651 | AA105: =ROUND(Y105*T105*AG105,0) -> 2377 | AB105: =ROUND(Y105*U105*AH105,0) -> 1634 | AC105: =ROUND(Y105*V105*AI105,0) -> 2078 | AD105: =ROUND(Y105*W105*AJ105,0) -> 1337 | AE105: =ROUND(Y105*X105*AK105,0) -> 1485 | AF105: 0.85 | AG105: 0.75 | AH105: 0.5 | AI105: 0.65 | AJ105: 0.4 | AK105: 0.45
A106: 燈光控制 | B106: 一般 | C106: D10W4 | D106: MixSwitch 黛菲 四切智慧開關-白 | E106: 顆 | F106: 尺寸：92.5 x 86 x 35.25 毫米 顏色: 灰色 電源供應器：AC100-240V，50/60Hz 最大限度。負載：400W/路（四路合計小於1200W） | G106: /uploads/product_images/D10W4.png | H106: USD | I106: 32.5 | J106: 36 | K106: =IFERROR(VLOOKUP(C106,[1]智慧家庭產品價格表.含稅!C:S,17,FALSE),0) -> 1 | L106: 13 | M106: =ROUND(IF(L106<1,(J106+K106)*L106+(J106+K106),(J106+K106)*(L106/100)+(J106+K106)),2) -> 41.81 | N106: 20 | O106: =ROUND(M106*I106+N106,0) -> 1379 | P106: 210 | Q106: 315 | R106: 3.369 | S106: 0.941 | T106: 0.952 | U106: 0.952 | V106: 0.952 | W106: 0.952 | X106: 0.953 | Y106: =ROUND(O106*R106,0) -> 4646 | Z106: =ROUND(Y106*S106*AF106,0) -> 3716 | AA106: =ROUND(Y106*T106*AG106,0) -> 3317 | AB106: =ROUND(Y106*U106*AH106,0) -> 2211 | AC106: =ROUND(Y106*V106*AI106,0) -> 2875 | AD106: =ROUND(Y106*W106*AJ106,0) -> 1769 | AE106: =ROUND(Y106*X106*AK106,0) -> 1992 | AF106: 0.85 | AG106: 0.75 | AH106: 0.5 | AI106: 0.65 | AJ106: 0.4 | AK106: 0.45 | AL106: 需提供零線(N)-白線 採用86底盒安裝(智崴提供)
A107: 燈光控制 | B107: 一般 | C107: DM10ZW | D107: 0-10V調光模組 | E107: 顆 | F107: 尺寸：168*39.5*30mm 電源供應器：AC100-240V，50/60Hz 調光：0-10V恆定電流調光 | G107: /uploads/product_images/DM10ZW.png | H107: USD | I107: 32.5 | J107: 29 | K107: =IFERROR(VLOOKUP(C107,[1]智慧家庭產品價格表.含稅!C:S,17,FALSE),0) -> 2 | L107: 13 | M107: =ROUND(IF(L107<1,(J107+K107)*L107+(J107+K107),(J107+K107)*(L107/100)+(J107+K107)),2) -> 35.03 | N107: 20 | O107: =ROUND(M107*I107+N107,0) -> 1158 | P107: 262 | Q107: 315 | R107: 3.305 | S107: 1 | T107: 1.016 | U107: 1.048 | V107: 1.025 | W107: 1.071 | X107: 1.058 | Y107: =ROUND(O107*R107,0) -> 3827 | Z107: =ROUND(Y107*S107*AF107,0) -> 3253 | AA107: =ROUND(Y107*T107*AG107,0) -> 2916 | AB107: =ROUND(Y107*U107*AH107,0) -> 2005 | AC107: =ROUND(Y107*V107*AI107,0) -> 2550 | AD107: =ROUND(Y107*W107*AJ107,0) -> 1639 | AE107: =ROUND(Y107*X107*AK107,0) -> 1822 | AF107: 0.85 | AG107: 0.75 | AH107: 0.5 | AI107: 0.65 | AJ107: 0.4 | AK107: 0.45 | AL107: 需配置訊號線
A108: 燈光控制 | B108: 一般 | C108: DV10 | D108: MixSwitch 黛菲 三切+面板智慧開關-白 | E108: 座 | F108: 尺寸：92.5 x 86 x 38.9 毫米 顏色: 灰色 電源供應器：AC220V，50Hz 螢幕尺寸：2.41吋（只有一個螢幕） 最大限度。負載：1/2迴路<400W/迴路； 3迴路<200W | G108: /uploads/product_images/DV10.png | H108: USD | I108: 32.5 | J108: 79 | K108: =IFERROR(VLOOKUP(C108,[1]智慧家庭產品價格表.含稅!C:S,17,FALSE),0) -> 1 | L108: 13 | M108: =ROUND(IF(L108<1,(J108+K108)*L108+(J108+K108),(J108+K108)*(L108/100)+(J108+K108)),2) -> 90.4 | N108: 20 | O108: =ROUND(M108*I108+N108,0) -> 2958 | P108: 210 | Q108: 315 | R108: 3.813 | S108: 0.941 | T108: 0.952 | U108: 0.952 | V108: 0.952 | W108: 0.952 | X108: 0.952 | Y108: =ROUND(O108*R108,0) -> 11279 | Z108: =ROUND(Y108*S108*AF108,0) -> 9022 | AA108: =ROUND(Y108*T108*AG108,0) -> 8053 | AB108: =ROUND(Y108*U108*AH108,0) -> 5369 | AC108: =ROUND(Y108*V108*AI108,0) -> 6979 | AD108: =ROUND(Y108*W108*AJ108,0) -> 4295 | AE108: =ROUND(Y108*X108*AK108,0) -> 4832 | AF108: 0.85 | AG108: 0.75 | AH108: 0.5 | AI108: 0.65 | AJ108: 0.4 | AK108: 0.45 | AL108: 需提供零線(N)-白線 採用86底盒安裝(智崴提供)
A109: 燈光控制 | B109: 一般 | C109: R21W2Z | D109: 入牆式開關模組 ZigBee(單火) | E109: 顆 | F109: 尺寸：50.5*46*18mm 電氣參數：AC 110V-240V 50Hz/60Hz 無線協定：Zigbee HA 工作溫度：-20～60℃ 最大限度。負載：白熾燈/鹵素燈：200W LED/螢光燈：100W 2路開關連接 | G109: /uploads/product_images/R21W2Z.png | H109: USD | I109: 32.5 | J109: 17 | K109: =IFERROR(VLOOKUP(C109,[1]智慧家庭產品價格表.含稅!C:S,17,FALSE),0) -> 1 | L109: 13 | M109: =ROUND(IF(L109<1,(J109+K109)*L109+(J109+K109),(J109+K109)*(L109/100)+(J109+K109)),2) -> 20.34 | N109: 20 | O109: =ROUND(M109*I109+N109,0) -> 681 | P109: 262 | Q109: 315 | R109: 3.495 | S109: 1 | T109: 1.016 | U109: 1.048 | V109: 1.026 | W109: 1.071 | X109: 1.058 | Y109: =ROUND(O109*R109,0) -> 2380 | Z109: =ROUND(Y109*S109*AF109,0) -> 2023 | AA109: =ROUND(Y109*T109*AG109,0) -> 1814 | AB109: =ROUND(Y109*U109*AH109,0) -> 1247 | AC109: =ROUND(Y109*V109*AI109,0) -> 1587 | AD109: =ROUND(Y109*W109*AJ109,0) -> 1020 | AE109: =ROUND(Y109*X109*AK109,0) -> 1133 | AF109: 0.85 | AG109: 0.75 | AH109: 0.5 | AI109: 0.65 | AJ109: 0.4 | AK109: 0.45
A110: 燈光控制 | B110: 一般 | C110: R30W3Z | D110: 入牆式開關模組 ZigBee (中性線) | E110: 顆 | F110: 尺寸：64*48*23mm 電氣參數：AC 110-240V 50Hz 無線協定：Zigbee HA 工作溫度：-20～60℃ 最大限度。負載：400W/迴路 3路開關，1個場景按鈕連接 | G110: /uploads/product_images/R30W3Z.png | H110: USD | I110: 32.5 | J110: 22 | K110: =IFERROR(VLOOKUP(C110,[1]智慧家庭產品價格表.含稅!C:S,17,FALSE),0) -> 1 | L110: 13 | M110: =ROUND(IF(L110<1,(J110+K110)*L110+(J110+K110),(J110+K110)*(L110/100)+(J110+K110)),2) -> 25.99 | N110: 20 | O110: =ROUND(M110*I110+N110,0) -> 865 | P110: 262 | Q110: 315 | R110: 3.376 | S110: 0.941 | T110: 0.952 | U110: 0.952 | V110: 0.953 | W110: 0.952 | X110: 0.952 | Y110: =ROUND(O110*R110,0) -> 2920 | Z110: =ROUND(Y110*S110*AF110,0) -> 2336 | AA110: =ROUND(Y110*T110*AG110,0) -> 2085 | AB110: =ROUND(Y110*U110*AH110,0) -> 1390 | AC110: =ROUND(Y110*V110*AI110,0) -> 1809 | AD110: =ROUND(Y110*W110*AJ110,0) -> 1112 | AE110: =ROUND(Y110*X110*AK110,0) -> 1251 | AF110: 0.85 | AG110: 0.75 | AH110: 0.5 | AI110: 0.65 | AJ110: 0.4 | AK110: 0.45 | AL110: 需提供零線(N)-白線
A111: 燈光控制 | B111: 一般 | C111: R40W2Z | D111: 入牆式開關模組 WiFi | E111: 顆 | F111: 尺寸：50*46*18mm 2 件 電氣參數：AC 110V-240V 50Hz/60Hz 無線協定：2.4G Wi-Fi 工作溫度：0～50℃ 最大限度。負載：白熾燈/鹵素燈：300W LED/螢光燈：150W | G111: /uploads/product_images/R40W2Z.png | H111: USD | I111: 32.5 | J111: 28 | K111: =IFERROR(VLOOKUP(C111,[1]智慧家庭產品價格表.含稅!C:S,17,FALSE),0) -> 2 | L111: 13 | M111: =ROUND(IF(L111<1,(J111+K111)*L111+(J111+K111),(J111+K111)*(L111/100)+(J111+K111)),2) -> 33.9 | N111: 20 | O111: =ROUND(M111*I111+N111,0) -> 1122 | P111: 262 | Q111: 315 | R111: 3.841 | S111: 0.941 | T111: 0.952 | U111: 0.952 | V111: 0.952 | W111: 0.953 | X111: 0.953 | Y111: =ROUND(O111*R111,0) -> 4310 | Z111: =ROUND(Y111*S111*AF111,0) -> 3447 | AA111: =ROUND(Y111*T111*AG111,0) -> 3077 | AB111: =ROUND(Y111*U111*AH111,0) -> 2052 | AC111: =ROUND(Y111*V111*AI111,0) -> 2667 | AD111: =ROUND(Y111*W111*AJ111,0) -> 1643 | AE111: =ROUND(Y111*X111*AK111,0) -> 1848 | AF111: 0.85 | AG111: 0.75 | AH111: 0.5 | AI111: 0.65 | AJ111: 0.4 | AK111: 0.45 | AL111: 需提供零線(N)-白線
...
